Price_Billion,Price_Per_m2,Area_m2,District,Ward,Bedrooms,Is_MatTien,Width_m,Floors,Is Hem,Post Time,Toilets
3.99,88.67,45,Quận 4,8,3,1,4.5,1,0,4/1/2026,3
1.8,50,36,Quận 4,4,3,1,4,1,0,31/12/2025,3
3.15,70,45,Quận 4,15,3,1,4,3.5,0,30/12/2025,3
22,79.42,277,Quận 4,16,6,0,9,7,1,30/12/2025,6
3.8,171.17,22.2,Quận 4,13,1,0,3,2,1,30/12/2025,1
3,35.71,84,Quận 4,10,3,1,20,2,0,26/12/2025,3
8.3,207.5,40,Quận 4,4,4,1,5,5,0,24/12/2025,4
8.3,207.5,40,Quận 4,4,4,1,5,4,0,24/12/2025,4
5.2,81.25,64,Quận 4,1,4,0,8,4,1,22/12/2025,4
5.2,80,65,Quận 4,1,3,0,3,2,1,19/12/2025,3
7.86,93.57,84,Quận 4,18,3,0,6,1,1,17/12/2025,3
2.98,80.54,37,Quận 4,4,3,1,4.3,2,0,17/12/2025,3
6,75,80,Quận 4,4,3,1,5,1,0,12/12/2025,3
6,69.77,86,Quận 4,13,2,1,4.3,2,0,8/12/2025,2
7.6,84.44,90,Quận 4,1,2,0,18,1,1,24/11/2025,2
4.1,146.43,28,Quận 4,3,4,0,3.4,3,1,5/1/2026,4
4.44,63.43,70,Quận 4,13,4,1,4,3,0,5/1/2026,4
3.3,132,25,Quận 4,8,2,0,5,3,1,5/1/2026,2
129,602.8,214,Quận 4,13,5,1,8.6,4.5,0,5/1/2026,5
4.1,57.42,71.4,Quận 4,13,4,0,4.2,3,1,5/1/2026,4
110,500,220,Quận 4,13,3,1,10,4,0,5/1/2026,3
5.15,171.67,30,Quận 4,18,1,1,3.8,2,0,5/1/2026,1
3.5,116.67,30,Quận 4,8,2,0,3,2.5,1,5/1/2026,2
124,576.74,215,Quận 4,13,3,1,9,5,0,4/1/2026,3
3.26,46.57,70,Quận 4,13,4,0,5,6,1,4/1/2026,3
5.5,275,20,Quận 4,8,3,0,3.3,4,1,4/1/2026,3
5.7,196.55,29,Quận 4,3,4,0,3.14,3.5,1,4/1/2026,4
3.5,70,50,Quận 4,1,3,1,4,2,0,4/1/2026,3
5,125,40,Quận 4,8,4,0,3,3.5,1,4/1/2026,4
6.9,160.47,43,Quận 4,3,3,1,3.7,2.5,0,4/1/2026,3
16,290.91,55,Quận 4,13,3,1,4,4,0,4/1/2026,3
7.4,59.68,124,Quận 4,13,3,1,10,2,0,4/1/2026,3
110,511.63,215,Quận 4,13,3,1,8.6,4,0,4/1/2026,3
123,572.09,215,Quận 4,13,3,1,8.6,4.5,0,4/1/2026,3
5.5,272.28,20.2,Quận 4,8,5,0,3.3,4,1,4/1/2026,5
2.15,39.09,55,Quận 4,8,3,0,5,1,1,4/1/2026,3
680,1489.27,456.6,Quận 4,2,3,1,13,15,0,4/1/2026,3
5,98.04,51,Quận 4,13,4,0,4,2.5,1,4/1/2026,4
4.5,86.54,52,Quận 4,18,2,0,7.4,2.5,1,3/1/2026,2
7.6,95,80,Quận 4,2,3,1,5,4.5,0,3/1/2026,3
2.79,45,62,Quận 4,13,3,0,5,1,1,3/1/2026,3
5,127.23,39.3,Quận 4,13,3,1,3.3,3,0,3/1/2026,3
5.3,262.38,20.2,Quận 4,9,2,1,20,3.5,0,3/1/2026,2
130,604.65,215,Quận 4,13,3,1,9,4,0,3/1/2026,3
2.75,40.44,68,Quận 4,14,5,0,4.28,3,1,3/1/2026,5
4.25,88.54,48,Quận 4,13,3,0,4,3,1,3/1/2026,3
6.34,152.4,41.6,Quận 4,4,5,1,3.2,4,0,3/1/2026,5
1.39,154.44,9,Quận 4,13,2,0,3,3,1,3/1/2026,2
3.5,109.38,32,Quận 4,2,2,0,4,2,1,2/1/2026,2
5.95,91.54,65,Quận 4,15,2,0,5,3.5,1,2/1/2026,2
3,115.38,26,Quận 4,8,2,0,5,3,1,2/1/2026,2
3.9,139.29,28,Quận 4,4,2,0,3.35,3,1,2/1/2026,2
9.4,130.56,72,Quận 4,2,3,1,5,2.5,0,2/1/2026,3
1.99,142.14,14,Quận 4,16,2,0,1.99,2,1,2/1/2026,2
1.99,221.11,9,Quận 4,14,2,0,3.36,3.5,1,2/1/2026,2
5.7,183.87,31,Quận 4,8,4,1,3.14,3.5,0,2/1/2026,4
3.7,154.17,24,Quận 4,2,2,0,3,3,1,2/1/2026,2
4.95,126.92,39,Quận 4,14,3,0,4,2,1,2/1/2026,3
4.35,192.48,22.6,Quận 4,13,3,1,5,4.5,0,2/1/2026,3
9.3,221.43,42,Quận 4,13,5,0,25,1,1,2/1/2026,5
11.9,95.97,124,Quận 4,13,5,1,5,4,0,2/1/2026,3
3.7,154.17,24,Quận 4,2,2,0,3,3,1,2/1/2026,2
25,160.26,156,Quận 4,1,3,1,6,1,0,2/1/2026,3
6.4,133.33,48,Quận 4,13,5,1,6,2,0,2/1/2026,5
10.5,300,35,Quận 4,4,4,1,5,5,0,2/1/2026,4
7,165.09,42.4,Quận 4,14,5,0,6,3.5,1,2/1/2026,5
7.99,113.82,70.2,Quận 4,14,5,1,2.67,4,0,2/1/2026,5
8.5,105.33,80.7,Quận 4,14,3,1,7.2,3.5,0,2/1/2026,3
7.5,110.29,68,Quận 4,10,3,0,4.3,2,1,2/1/2026,4
5.7,73.08,78,Quận 4,13,3,0,4,4,1,2/1/2026,3
7,162.79,43,Quận 4,15,5,0,6,3.5,1,2/1/2026,5
3.6,150,24,Quận 4,2,2,0,3,4,1,1/1/2026,2
2.89,44.46,65,Quận 4,8,4,0,4,3,1,1/1/2026,4
3.7,154.17,24,Quận 4,2,2,0,3,4,1,1/1/2026,2
3.5,116.67,30,Quận 4,2,4,0,3,3.5,1,1/1/2026,4
4.15,118.57,35,Quận 4,14,3,1,3.5,3,0,1/1/2026,3
3.7,154.17,24,Quận 4,2,2,1,3,4,0,1/1/2026,2
3.3,126.92,26,Quận 4,4,2,1,5,3,0,1/1/2026,2
5.7,190,30,Quận 4,8,4,1,3.14,3.5,0,1/1/2026,4
1.65,165,10,Quận 4,2,2,0,2.2,3,1,1/1/2026,2
4,190.48,21,Quận 4,10,2,1,3,3.5,0,1/1/2026,2
5.6,192.44,29.1,Quận 4,4,5,0,3.54,3.5,1,1/1/2026,4
4.5,209.3,21.5,Quận 4,3,1,0,3.2,3,1,1/1/2026,1
6.8,158.14,43,Quận 4,2,3,0,3.7,2.5,1,1/1/2026,3
6.6,107.32,61.5,Quận 4,3,4,1,3.9,2,0,1/1/2026,4
3.7,154.17,24,Quận 4,2,2,0,3,3,1,1/1/2026,2
4.95,137.5,36,Quận 4,14,3,0,4,1,1,1/1/2026,3
3.4,113.33,30,Quận 4,2,2,0,3,4,1,1/1/2026,2
3.55,47.33,75,Quận 4,14,14,1,5,4,0,1/1/2026,14
7.6,101.33,75,Quận 4,3,8,1,4.3,4,0,1/1/2026,3
3.7,154.17,24,Quận 4,2,2,0,3,3,1,1/1/2026,2
2.15,30.71,70,Quận 4,1,3,1,5,2,0,1/1/2026,3
7.99,153.65,52,Quận 4,3,3,0,3.5,3,1,1/1/2026,3
3.7,154.81,23.9,Quận 4,2,2,0,8,3,1,1/1/2026,2
6.7,87.01,77,Quận 4,4,3,1,4.4,2,0,31/12/2025,3
3.5,145.83,24,Quận 4,2,2,1,3,3,0,31/12/2025,2
3.56,54.77,65,Quận 4,1,5,0,5,4,1,31/12/2025,3
3.45,48.59,71,Quận 4,9,4,0,5,3.5,1,31/12/2025,4
4.5,200.89,22.4,Quận 4,8,2,1,3.2,3,0,31/12/2025,2
1.85,37,50,Quận 4,13,2,1,4,2,0,31/12/2025,2
7.1,253.57,28,Quận 4,4,3,1,4,3,0,31/12/2025,3
7,166.67,42,Quận 4,14,5,0,6,3.5,1,31/12/2025,5
7,165.48,42.3,Quận 4,13,5,1,5.9,1,0,31/12/2025,5
6.34,162.56,39,Quận 4,4,4,0,3.2,4.5,1,31/12/2025,5
3.59,112.19,32,Quận 4,18,3,0,4,1.5,1,31/12/2025,3
4.55,214.62,21.2,Quận 4,13,2,0,3,3,1,31/12/2025,2
3.2,66.67,48,Quận 4,13,3,0,4,3,1,31/12/2025,3
5.35,62.94,85,Quận 4,13,2,1,4.5,3,0,31/12/2025,2
4.5,90,50,Quận 4,13,3,0,5.78,4,1,30/12/2025,3
4.1,65.08,63,Quận 4,4,2,1,3,1,0,30/12/2025,2
8.3,123.15,67.4,Quận 4,13,4,0,6,1,1,30/12/2025,3
12.8,170.67,75,Quận 4,13,5,1,3,4.5,0,30/12/2025,3
30.2,377.5,80,Quận 4,9,4,1,7.2,2,0,30/12/2025,4
4.2,116.67,36,Quận 4,13,4,0,3,3.5,1,30/12/2025,4
5.7,78.3,72.8,Quận 4,13,3,0,6,1,1,30/12/2025,3
4.5,140.62,32,Quận 4,10,2,1,3.2,3.5,0,30/12/2025,2
20,326.26,61.3,Quận 4,3,1,1,5.5,3.5,0,30/12/2025,3
7,162.79,43,Quận 4,13,4,1,10,4,0,30/12/2025,4
5.35,82.31,65,Quận 4,13,2,1,7.7,2,0,30/12/2025,2
120,480,250,Quận 4,13,3,1,12,3,0,30/12/2025,3
4.5,93.75,48,Quận 4,8,3,0,6,5,1,30/12/2025,3
4.7,115.48,40.7,Quận 4,14,5,0,4,2,1,30/12/2025,5
5.7,190,30,Quận 4,8,4,1,3.14,3.5,0,30/12/2025,4
100,462.96,216,Quận 4,13,3,1,12,1,0,30/12/2025,3
27,129.81,208,Quận 4,13,3,0,13,3,1,30/12/2025,3
4.09,51.77,79,Quận 4,13,4,1,4.6,3,0,30/12/2025,4
5,125,40,Quận 4,8,3,0,4,4.5,1,29/12/2025,3
2.1,36.84,57,Quận 4,16,3,0,4,3,1,29/12/2025,3
130,606.06,214.5,Quận 4,13,3,1,8.6,4,0,29/12/2025,3
9.9,159.68,62,Quận 4,4,3,1,4,6.5,0,29/12/2025,3
13.5,321.43,42,Quận 4,9,3,1,25,2.5,0,29/12/2025,3
130,606.06,214.5,Quận 4,13,3,1,8.6,4,0,29/12/2025,3
3.2,168.42,19,Quận 4,13,2,1,3.1,2,0,29/12/2025,2
5.55,61.53,90.2,Quận 4,4,3,0,5,1,1,29/12/2025,3
6.3,70,90,Quận 4,4,3,0,3.9,4,1,29/12/2025,3
5.2,104,50,Quận 4,8,3,0,4.35,4,1,29/12/2025,3
3.5,70,50,Quận 4,18,3,0,5,3,1,29/12/2025,3
4.6,88.46,52,Quận 4,8,3,0,4,1,1,29/12/2025,3
105,486.11,216,Quận 4,13,3,1,12,1,0,29/12/2025,2
6.99,139.8,50,Quận 4,1,3,0,4,1,1,29/12/2025,3
10.9,81.34,134,Quận 4,4,3,0,8,1,1,29/12/2025,3
3.5,154.87,22.6,Quận 4,13,2,1,2,3.5,0,29/12/2025,2
6.6,129.41,51,Quận 4,2,3,0,3.8,1.5,1,29/12/2025,3
5.95,75.8,78.5,Quận 4,13,4,0,5,2,1,29/12/2025,4
1.78,28.71,62,Quận 4,4,3,0,4.5,2,1,29/12/2025,3
119,495.83,240,Quận 4,13,3,1,12,2,0,28/12/2025,3
13.7,206.33,66.4,Quận 4,13,2,1,4.29,2.5,0,28/12/2025,2
3.38,46.81,72.2,Quận 4,13,4,1,5,3,0,28/12/2025,4
13,146.07,89,Quận 4,15,4,1,4.5,4.5,0,28/12/2025,4
3.65,91.25,40,Quận 4,2,3,0,4,2,1,28/12/2025,3
4.3,101.18,42.5,Quận 4,14,2,1,1,2,0,28/12/2025,2
6.6,106.45,62,Quận 4,3,4,0,3.9,1,1,28/12/2025,4
7.79,111.29,70,Quận 4,18,3,0,5,1,1,28/12/2025,3
4.55,211.63,21.5,Quận 4,3,2,1,3,3,0,28/12/2025,2
16.5,220,75,Quận 4,1,3,1,20,1,0,28/12/2025,3
119,550.93,216,Quận 4,13,3,1,12,2,0,28/12/2025,3
6.3,150,42,Quận 4,4,5,0,3.2,4.5,1,28/12/2025,5
119,553.49,215,Quận 4,13,3,1,9,5,0,28/12/2025,3
120,480,250,Quận 4,13,3,1,8,5,0,28/12/2025,3
5,104.17,48,Quận 4,13,4,0,4,3.5,1,28/12/2025,4
4.3,204.76,21,Quận 4,13,2,0,3,3,1,28/12/2025,2
5.2,192.59,27,Quận 4,10,2,1,3,3.5,0,28/12/2025,2
8.3,122.06,68,Quận 4,13,4,1,6,3,0,28/12/2025,4
7.86,112.29,70,Quận 4,15,4,1,3.55,4,0,27/12/2025,4
3.59,49.04,73.2,Quận 4,8,3,0,5,3.5,1,27/12/2025,3
2.5,104.17,24,Quận 4,8,2,0,3,2,1,27/12/2025,2
3.5,106.06,33,Quận 4,8,3,0,3,3.5,1,27/12/2025,3
2.1,38.18,55,Quận 4,4,3,1,5,2,0,27/12/2025,3
7.8,115.73,67.4,Quận 4,4,4,1,6,2,0,27/12/2025,4
8.5,177.08,48,Quận 4,13,3,1,6.5,4.5,0,27/12/2025,3
1.9,38,50,Quận 4,13,2,1,4,2,0,27/12/2025,2
98,453.7,216,Quận 4,13,3,1,12,7,0,27/12/2025,3
7.99,114.14,70,Quận 4,15,3,1,3.6,3,0,27/12/2025,3
8.3,123.15,67.4,Quận 4,13,3,0,6,1,1,27/12/2025,3
2.29,38.17,60,Quận 4,15,3,0,4,2,1,27/12/2025,3
115,532.41,216,Quận 4,13,3,1,12,1,0,27/12/2025,3
3.99,55.42,72,Quận 4,9,4,0,4.5,3,1,27/12/2025,4
5.8,96.67,60,Quận 4,14,3,1,3.5,1,0,27/12/2025,3
12.4,152.33,81.4,Quận 4,13,3,1,2.5,5,0,27/12/2025,3
4.3,204.76,21,Quận 4,8,2,1,4,3,0,27/12/2025,2
4.7,116.92,40.2,Quận 4,13,3,1,3.4,2,0,27/12/2025,3
2.7,197.08,13.7,Quận 4,8,2,1,3,3,0,27/12/2025,2
5.9,89.39,66,Quận 4,2,3,1,4.2,2,0,27/12/2025,3
100,465.12,215,Quận 4,13,3,1,8.6,4,0,27/12/2025,3
4.75,148.44,32,Quận 4,2,3,0,4,3,1,27/12/2025,3
4.45,202.27,22,Quận 4,8,4,0,3,4,1,27/12/2025,4
6.55,106.5,61.5,Quận 4,3,2,1,3.9,2,0,26/12/2025,2
21.5,77.73,276.6,Quận 4,16,3,1,9.3,2,0,26/12/2025,4
30,176.47,170,Quận 4,13,3,1,13,3,0,26/12/2025,4
29,170.59,170,Quận 4,13,3,1,12,3,0,26/12/2025,3
4.95,198,25,Quận 4,10,2,0,3.3,5,1,26/12/2025,2
5.8,96.67,60,Quận 4,16,3,0,3.3,1.5,1,26/12/2025,3
30,171.43,175,Quận 4,15,3,1,5,2,0,26/12/2025,3
4.8,271.19,17.7,Quận 4,8,1,1,4.8,2,0,26/12/2025,1
8.4,113.51,74,Quận 4,14,3,1,3.9,2,0,26/12/2025,3
8.5,212.5,40,Quận 4,16,4,1,5,4,0,26/12/2025,3
8.29,204.19,40.6,Quận 4,13,4,1,5,3.5,0,26/12/2025,4
28,164.71,170,Quận 4,13,3,1,13,3,0,26/12/2025,3
8.5,188.89,45,Quận 4,3,5,0,10,4,1,26/12/2025,5
9.4,261.11,36,Quận 4,4,3,1,8,4.5,0,26/12/2025,3
130,606.06,214.5,Quận 4,13,3,1,8.6,4,0,26/12/2025,3
2.89,117.96,24.5,Quận 4,16,2,1,4.7,2,0,26/12/2025,2
120,558.14,215,Quận 4,13,3,1,8.6,9,0,26/12/2025,3
12,240,50,Quận 4,13,4,1,4.85,4.5,0,26/12/2025,4
124,578.09,214.5,Quận 4,13,3,1,8.6,4.5,0,26/12/2025,3
17.5,282.26,62,Quận 4,2,5,1,30,4,0,26/12/2025,5
4.3,204.76,21,Quận 4,9,2,0,4,3,1,26/12/2025,2
4.3,204.76,21,Quận 4,2,2,0,3,2,1,25/12/2025,2
4.25,106.25,40,Quận 4,8,3,0,4,3.5,1,25/12/2025,3
27,200,135,Quận 4,4,3,1,4.1,1,0,25/12/2025,3
5,104.17,48,Quận 4,13,4,0,5,3.5,1,25/12/2025,4
4.35,103.57,42,Quận 4,14,2,1,4.2,3.5,0,25/12/2025,2
5.7,81.43,70,Quận 4,15,2,1,6,2,0,25/12/2025,2
4.7,195.83,24,Quận 4,9,4,0,3,4,1,25/12/2025,4
7.5,150,50,Quận 4,6,3,0,6.4,4,1,25/12/2025,3
6.3,70,90,Quận 4,16,3,1,3.2,4,0,25/12/2025,3
6.9,160.47,43,Quận 4,4,3,0,3.7,2.5,1,25/12/2025,3
5.8,96.67,60,Quận 4,14,3,0,3.4,3,1,25/12/2025,3
13.2,123.36,107,Quận 4,1,3,0,8,1,1,25/12/2025,3
6.5,108.33,60,Quận 4,16,3,0,4,3.5,1,25/12/2025,3
10,53.19,188,Quận 4,18,9,1,9.5,4,0,25/12/2025,9
5.85,225,26,Quận 4,10,2,1,3.03,2,0,25/12/2025,2
2.5,89.29,28,Quận 4,15,2,0,4,2,1,25/12/2025,2
10,166.67,60,Quận 4,14,9,1,5,4,0,25/12/2025,9
9.99,285.43,35,Quận 4,4,5,1,5,5,0,25/12/2025,5
12,187.5,64,Quận 4,13,3,1,4,4.5,0,25/12/2025,3
12.4,281.82,44,Quận 4,13,5,1,4,4,0,25/12/2025,5
6.2,295.24,21,Quận 4,4,2,1,6,3,0,25/12/2025,2
3,46.15,65,Quận 4,13,3,1,5.2,2.5,0,25/12/2025,3
4.1,136.67,30,Quận 4,16,3,0,5,1,1,25/12/2025,3
2.7,197.08,13.7,Quận 4,8,2,0,2,3,1,24/12/2025,2
5.8,98.98,58.6,Quận 4,2,3,0,3.3,2,1,24/12/2025,3
2.1,44.49,47.2,Quận 4,13,4,0,3.8,2,1,24/12/2025,4
100,465.12,215,Quận 4,13,3,1,8.6,5.5,0,24/12/2025,3
4.9,74.24,66,Quận 4,13,3,1,5.3,2,0,24/12/2025,3
5.3,75.71,70,Quận 4,4,2,1,3.5,1,0,24/12/2025,2
8.3,122.06,68,Quận 4,4,4,1,6,4,0,24/12/2025,4
3.48,40.56,85.8,Quận 4,13,4,0,5.2,3.5,1,24/12/2025,4
4.7,196.65,23.9,Quận 4,10,4,0,3.01,4,1,24/12/2025,4
6.3,300,21,Quận 4,4,2,0,6,4,1,24/12/2025,2
4,133.33,30,Quận 4,2,3,0,3.6,2.5,1,24/12/2025,3
4.7,117.5,40,Quận 4,13,2,0,3.4,2,1,24/12/2025,2
7.86,71.45,110,Quận 4,18,5,1,5.9,1,0,24/12/2025,5
5.1,242.86,21,Quận 4,9,2,1,3,3.5,0,24/12/2025,2
18.5,205.56,90,Quận 4,18,3,1,4,5.5,0,24/12/2025,3
1.99,221.11,9,Quận 4,14,2,1,3,3.5,0,24/12/2025,2
5.8,152.63,38,Quận 4,9,2,0,6.9,2,1,24/12/2025,2
11.5,66.47,173,Quận 4,13,3,1,12,1,0,24/12/2025,3
4.7,195.83,24,Quận 4,10,4,0,3,4,1,24/12/2025,4
30,652.17,46,Quận 4,6,3,1,4,4,0,23/12/2025,3
3.2,177.78,18,Quận 4,4,2,1,3,3,0,23/12/2025,2
5.8,79.67,72.8,Quận 4,13,2,1,5,1,0,23/12/2025,2
3.6,90,40,Quận 4,2,3,0,4,2,1,23/12/2025,3
83,290.21,286,Quận 4,13,3,1,15,4,0,23/12/2025,3
2.8,100,28,Quận 4,8,2,0,4,2,1,23/12/2025,2
5.79,148.46,39,Quận 4,9,2,0,6.9,2,1,23/12/2025,2
9,580.65,15.5,Quận 4,4,3,1,20,5,0,23/12/2025,3
1.6,177.78,9,Quận 4,1,3,0,3,2,1,23/12/2025,3
5,250,20,Quận 4,9,3,0,4.23,4,1,23/12/2025,3
6.5,108.33,60,Quận 4,8,4,0,4,3.5,1,23/12/2025,4
4.7,54.65,86,Quận 4,18,3,1,4.4,2,0,23/12/2025,3
4.9,116.67,42,Quận 4,14,100,1,4,2,0,23/12/2025,3
8.53,177.71,48,Quận 4,4,4,0,6.5,5,1,23/12/2025,4
7.3,152.08,48,Quận 4,14,4,1,4.2,4,0,23/12/2025,4
27,200,135,Quận 4,13,4,1,4.1,1,0,23/12/2025,4
6.2,266.09,23.3,Quận 4,10,3,0,3,4,1,23/12/2025,3
30.5,174.29,175,Quận 4,13,3,1,13,3,0,23/12/2025,4
6.6,347.37,19,Quận 4,13,3,1,4.6,5,0,22/12/2025,3
107,477.68,224,Quận 4,13,3,1,14,1,0,22/12/2025,3
4.6,65.71,70,Quận 4,1,3,0,4.5,1,1,22/12/2025,3
7.8,111.43,70,Quận 4,15,5,0,2.67,4,1,22/12/2025,5
6.15,263.95,23.3,Quận 4,4,3,0,3,4,1,22/12/2025,3
6,111.11,54,Quận 4,13,4,1,4.5,3.5,0,22/12/2025,4
30,176.47,170,Quận 4,13,3,1,13,3,0,22/12/2025,3
4.19,62.54,67,Quận 4,1,3,0,5,3,1,22/12/2025,3
4.59,62.88,73,Quận 4,4,4,0,5,3.5,1,22/12/2025,4
8.3,123.15,67.4,Quận 4,4,3,1,6,1,0,22/12/2025,3
5.21,84.72,61.5,Quận 4,2,3,0,4.1,3.5,1,22/12/2025,3
6.15,263.95,23.3,Quận 4,13,3,1,3,4,0,22/12/2025,3
4.7,195.83,24,Quận 4,10,3,1,3,7,0,22/12/2025,4
2.39,37.34,64,Quận 4,13,3,0,5,2.5,1,22/12/2025,3
3.5,106.06,33,Quận 4,10,2,0,3,2,1,22/12/2025,2
3.95,96.34,41,Quận 4,13,3,0,3.5,3.5,1,22/12/2025,3
6.8,272,25,Quận 4,13,3,1,4,5,0,22/12/2025,3
4.8,73.85,65,Quận 4,4,3,0,5,1,1,22/12/2025,3
4.7,114.63,41,Quận 4,13,1,1,3.4,2,0,22/12/2025,1
8,152.38,52.5,Quận 4,16,4,0,3.6,4,1,22/12/2025,4
1.75,205.88,8.5,Quận 4,2,2,1,4,3,0,22/12/2025,2
1.75,194.44,9,Quận 4,2,2,0,3,4,1,22/12/2025,2
8.5,177.08,48,Quận 4,13,5,1,4,3.5,0,22/12/2025,5
9.9,141.43,70,Quận 4,18,4,1,4.2,4,0,22/12/2025,4
8,250,32,Quận 4,4,2,1,3.5,2,0,22/12/2025,2
5,104.17,48,Quận 4,13,4,0,4,3.5,1,22/12/2025,4
4.2,59.66,70.4,Quận 4,13,3,0,4,4.5,1,21/12/2025,3
5.4,100,54,Quận 4,15,4,1,3.9,4,0,21/12/2025,4
2.2,36.67,60,Quận 4,15,3,1,6,3,0,22/12/2025,3
4.19,59.35,70.6,Quận 4,13,4,0,4.8,3.5,1,21/12/2025,4
7.2,144,50,Quận 4,2,3,0,4,1,1,21/12/2025,3
3.58,47.73,75,Quận 4,13,3,0,5,3,1,21/12/2025,3
4.95,123.75,40,Quận 4,3,3,1,3.7,2.5,0,21/12/2025,3
3.55,59.17,60,Quận 4,13,3,0,5,2.5,1,21/12/2025,3
3.42,50.67,67.5,Quận 4,4,4,1,4.5,3,0,21/12/2025,4
17.5,282.26,62,Quận 4,2,5,1,30,4,0,21/12/2025,5
4.28,71.57,59.8,Quận 4,13,4,0,4.5,3,1,21/12/2025,4
2.2,47.93,45.9,Quận 4,13,4,0,4,3,1,21/12/2025,4
3.8,168.14,22.6,Quận 4,4,2,1,2.88,3,0,21/12/2025,2
9.8,245,40,Quận 4,4,2,1,4,2,0,21/12/2025,2
6.35,158.75,40,Quận 4,4,5,1,3.8,4.5,0,21/12/2025,5
3.3,167.51,19.7,Quận 4,8,2,0,3.11,3,1,21/12/2025,2
8.3,123.15,67.4,Quận 4,13,8,0,5.46,3,1,21/12/2025,4
8.3,123.15,67.4,Quận 4,13,4,0,6.3,4,1,20/12/2025,4
12.9,74.61,172.9,Quận 4,13,3,1,10.3,1,0,20/12/2025,3
5.89,110.71,53.2,Quận 4,14,3,1,5.45,2,0,20/12/2025,3
4.25,103.66,41,Quận 4,13,3,0,3.5,3.5,1,20/12/2025,3
3,100,30,Quận 4,8,2,0,3,2,1,20/12/2025,2
8,152.38,52.5,Quận 4,16,4,1,3.6,4,0,20/12/2025,4
4.7,195.83,24,Quận 4,10,4,0,3,4,1,20/12/2025,4
8.3,122.96,67.5,Quận 4,4,4,1,6,1,0,20/12/2025,3
4.5,100,45,Quận 4,4,2,0,3,1,1,20/12/2025,2
5,104.17,48,Quận 4,13,3,0,4,2.5,1,20/12/2025,3
3.35,46.53,72,Quận 4,2,3,1,4.5,3,0,20/12/2025,3
6,100,60,Quận 4,15,3,0,4,3.5,1,20/12/2025,3
9.5,237.5,40,Quận 4,4,2,1,4,2,0,20/12/2025,2
5.19,91.05,57,Quận 4,8,5,0,4,5.5,1,20/12/2025,4
3.49,136.86,25.5,Quận 4,13,2,0,4,2,1,20/12/2025,2
4.8,230.77,20.8,Quận 4,16,3,1,2.7,4,0,20/12/2025,3
2.15,37.07,58,Quận 4,13,3,0,3,2,1,20/12/2025,3
4.95,126.92,39,Quận 4,13,2,1,4,2,0,20/12/2025,2
4.95,127.25,38.9,Quận 4,2,2,0,6,2,1,20/12/2025,2
48,533.33,90,Quận 4,2,3,1,6,4,0,20/12/2025,3
1.9,180.95,10.5,Quận 4,13,2,0,2.6,3,1,20/12/2025,2
32,640,50,Quận 4,6,3,1,6,4,0,20/12/2025,3
29,322.22,90,Quận 4,13,3,1,4.3,4,0,20/12/2025,3
12,190.48,63,Quận 4,13,2,1,3.2,2,0,20/12/2025,2
5.2,235.29,22.1,Quận 4,1,3,0,3.2,2,1,20/12/2025,3
9.5,292.31,32.5,Quận 4,8,4,1,3.25,4.5,0,19/12/2025,4
12.9,268.75,48,Quận 4,13,4,1,4,3,0,19/12/2025,4
4.7,195.83,24,Quận 4,10,4,1,3,4,0,19/12/2025,4
12.5,138.89,90,Quận 4,13,4,0,5,4,1,19/12/2025,4
6.34,162.56,39,Quận 4,3,3,0,3.2,4.5,1,19/12/2025,3
6.9,160.47,43,Quận 4,8,3,1,3.7,2.5,0,19/12/2025,3
2.9,42.65,68,Quận 4,16,3,0,4,6,1,19/12/2025,3
90,434.78,207,Quận 4,13,3,1,12,7,0,19/12/2025,3
8.53,179.2,47.6,Quận 4,4,3,0,6.5,6,1,19/12/2025,3
3.15,121.15,26,Quận 4,8,3,0,4.8,3,1,19/12/2025,3
23.5,138.24,170,Quận 4,13,3,0,12,3,1,19/12/2025,3
1.5,55.56,27,Quận 4,6,3,1,3,1,0,19/12/2025,3
23.5,137.43,171,Quận 4,13,4,1,12,3.5,0,19/12/2025,4
17.5,216.05,81,Quận 11,12,3,1,5,3.5,0,5/1/2026,3
3.2,152.38,21,Quận 11,3,2,1,10,2,0,5/1/2026,2
3.25,51.59,63,Quận 11,2,4,0,4.5,4,1,5/1/2026,4
3.15,52.5,60,Quận 11,8,4,0,4,1,1,4/1/2026,4
1.7,28.33,60,Quận 11,11,4,0,7,1,1,30/12/2025,4
2.85,50.89,56,Quận 11,8,4,1,6,1,0,29/12/2025,4
9.8,233.33,42,Quận 11,5,4,1,6,5,0,29/12/2025,4
6,66.3,90.5,Quận 11,5,4,1,7.5,1,0,26/12/2025,4
6,92.59,64.8,Quận 11,11,4,1,3.6,2,0,23/12/2025,4
5.6,84.85,66,Quận 11,4,4,1,4,1,0,23/12/2025,4
2,50,40,Quận 11,15,4,0,3,3,1,19/12/2025,4
4,61.73,64.8,Quận 11,11,4,1,3.6,4,0,19/12/2025,4
23,170.37,135,Quận 11,11,4,1,5,4,0,18/12/2025,4
9.99,243.66,41,Quận 11,3,4,1,4,6,0,21/11/2025,4
6.48,207.69,31.2,Quận 11,8,11,0,4.3,4,1,5/1/2026,3
4.79,74.26,64.5,Quận 11,4,4,1,4.3,4,0,5/1/2026,4
16.8,336,50,Quận 11,11,50,1,3.4,5.5,0,5/1/2026,5
4.86,81,60,Quận 11,8,4,0,4,4.5,1,5/1/2026,4
13,216.67,60,Quận 11,10,4,1,20,3,0,5/1/2026,4
15.5,308.15,50.3,Quận 11,11,3,1,4.5,2,0,4/1/2026,3
18.5,248.66,74.4,Quận 11,13,2,1,3.7,2,0,4/1/2026,2
4.2,51.72,81.2,Quận 11,11,4,0,5.2,3,1,4/1/2026,4
8.25,206.25,40,Quận 11,8,4,1,3.5,2,0,4/1/2026,4
60,269.54,222.6,Quận 11,2,4,1,8.4,4,0,4/1/2026,4
2.75,38.19,72,Quận 11,6,5,0,5,4,1,4/1/2026,5
6.48,150.7,43,Quận 11,8,4,0,4.3,4,1,4/1/2026,4
3.3,172.77,19.1,Quận 11,14,2,1,3.1,3,0,4/1/2026,2
3.15,35.8,88,Quận 11,7,4,1,6,3.5,0,4/1/2026,4
16.9,3930.23,4.3,Quận 11,1,5,1,4.2,4,0,4/1/2026,5
16.5,275,60,Quận 11,11,5,1,4,4.5,0,4/1/2026,5
6.8,151.11,45,Quận 11,2,4,0,3,2.5,1,4/1/2026,4
8.1,104.65,77.4,Quận 11,5,4,0,4,3,1,4/1/2026,4
8.5,132.81,64,Quận 11,5,5,1,4,3.5,0,4/1/2026,4
6.9,156.82,44,Quận 11,2,4,0,5.75,3.5,1,4/1/2026,4
4.86,73.64,66,Quận 11,1,4,0,4.4,4,1,4/1/2026,4
9,108.43,83,Quận 11,13,4,0,4,2,1,4/1/2026,4
3.75,44.64,84,Quận 11,5,4,0,5,4.5,1,4/1/2026,4
8.5,163.46,52,Quận 11,5,4,1,5,1,0,4/1/2026,4
6.9,143.75,48,Quận 11,5,4,1,4,3,0,4/1/2026,4
4.98,75.45,66,Quận 11,7,3,0,4.4,3.5,1,4/1/2026,3
8,205.13,39,Quận 11,8,3,1,3.5,1,0,3/1/2026,3
2.27,36.15,62.8,Quận 11,1,5,0,4,4,1,3/1/2026,5
13,130,100,Quận 11,4,4,1,8,1,0,3/1/2026,4
4.42,63.37,69.75,Quận 11,10,4,0,4.5,5,1,3/1/2026,4
7.2,200,36,Quận 11,7,3,0,7,2,1,3/1/2026,3
6.95,139,50,Quận 11,8,4,0,5,3,1,3/1/2026,4
7.3,137.74,53,Quận 11,16,4,0,4.1,3.5,1,3/1/2026,4
15.5,221.43,70,Quận 11,5,4,1,3.7,2,0,3/1/2026,4
4.89,75.23,65,Quận 11,1,4,1,5,4,0,3/1/2026,4
9,152.54,59,Quận 11,5,11,1,3.6,4,0,2/1/2026,4
8.5,132.81,64,Quận 11,1,3,1,6,4,0,2/1/2026,3
62,176.64,351,Quận 11,3,4,1,18,6,0,2/1/2026,4
62,279.28,222,Quận 11,12,4,1,8.5,4.5,0,2/1/2026,4
6.48,209.03,31,Quận 11,8,3,0,3,3.5,1,2/1/2026,3
8.6,153.57,56,Quận 11,5,4,1,3.6,4,0,2/1/2026,4
16.5,206.25,80,Quận 11,9,4,0,5.4,4,1,2/1/2026,4
6.48,150.7,43,Quận 11,8,3,1,4.3,4,0,2/1/2026,3
14.5,190.79,76,Quận 11,8,4,0,4,4,1,2/1/2026,4
7.69,91.58,83.97,Quận 11,16,78,0,6,4,1,2/1/2026,4
22.5,192.31,117,Quận 11,15,4,1,4.5,4,0,2/1/2026,4
7.4,185,40,Quận 11,3,2,1,8,2.5,0,2/1/2026,2
65,167.1,389,Quận 11,4,4,1,11,3.5,0,1/1/2026,4
13,144.44,90,Quận 11,1,90,1,6,2,0,1/1/2026,90
13.95,174.38,80,Quận 11,3,4,1,6.8,3.5,0,1/1/2026,4
10.99,297.03,37,Quận 11,8,4,1,3.2,5,0,1/1/2026,4
44,217.82,202,Quận 11,8,4,1,10,4,0,1/1/2026,4
14.9,310.42,48,Quận 11,3,4,1,9,4,0,1/1/2026,4
4.5,97.83,46,Quận 11,14,2,1,30,2,0,1/1/2026,3
9.99,208.12,48,Quận 11,3,4,1,3,4,0,31/12/2025,4
4.95,73.33,67.5,Quận 11,8,4,0,4.5,3.5,1,31/12/2025,4
13.3,190,70,Quận 11,5,4,1,5,6,0,31/12/2025,4
9.9,198,50,Quận 11,3,50,0,4.5,4,1,31/12/2025,4
9.5,237.5,40,Quận 11,10,5,0,3.3,5,1,31/12/2025,4
3.5,44.59,78.5,Quận 11,5,4,0,4.6,4.5,1,31/12/2025,4
7.1,147.92,48,Quận 11,10,4,1,3.5,3,0,31/12/2025,4
8.9,148.33,60,Quận 11,2,7,0,4,3,1,31/12/2025,4
6.9,143.75,48,Quận 11,5,4,0,4,3,1,31/12/2025,3
8.5,170,50,Quận 11,5,4,0,4.1,2.5,1,31/12/2025,4
4.94,75.08,65.8,Quận 11,6,4,0,4.7,1,1,31/12/2025,4
16.5,77.83,212,Quận 11,5,4,1,5.3,2.5,0,31/12/2025,4
33,294.64,112,Quận 11,15,4,1,6.2,5,0,30/12/2025,4
7.5,186.1,40.3,Quận 11,3,2,1,3.5,2.5,0,30/12/2025,2
5.95,233.33,25.5,Quận 11,6,5,1,3.05,4.5,0,30/12/2025,5
36,318.58,113,Quận 11,11,4,1,6.4,1,0,30/12/2025,4
7.8,165.96,47,Quận 11,3,3,1,3,4,0,30/12/2025,3
4.5,100,45,Quận 11,10,2,0,3,2,1,30/12/2025,2
12.5,189.39,66,Quận 11,10,4,1,8,4,0,30/12/2025,4
3.7,148,25,Quận 11,3,2,0,3.5,3,1,30/12/2025,2
57,316.67,180,Quận 11,16,4,1,7.7,6,0,30/12/2025,4
7.3,140.38,52,Quận 11,16,4,1,4,4.5,0,30/12/2025,4
4.6,153.33,30,Quận 11,1,2,0,4,2,1,30/12/2025,2
6.35,113.39,56,Quận 11,5,4,0,4.3,2,1,30/12/2025,4
12.8,328.21,39,Quận 11,7,4,1,9,4,0,30/12/2025,4
5.9,91.05,64.8,Quận 11,5,3,1,3,2,0,30/12/2025,4
6.7,159.52,42,Quận 11,2,3,0,6.7,4.5,1,30/12/2025,3
4.85,86.22,56.25,Quận 11,1,4,0,4.5,2,1,30/12/2025,4
2.97,33,90,Quận 11,11,3,1,6,4.5,0,30/12/2025,3
7.8,130,60,Quận 11,5,4,0,6,4,1,30/12/2025,4
7,200,35,Quận 11,9,3,0,3.5,4,1,29/12/2025,3
3.25,29.55,110,Quận 11,8,4,1,6.5,4.5,0,29/12/2025,4
7.4,180.49,41,Quận 11,3,2,1,3.5,2.5,0,29/12/2025,4
7.4,180.49,41,Quận 11,3,3,1,3.5,2.5,0,29/12/2025,3
8.5,149.12,57,Quận 11,5,5,1,6,3,0,29/12/2025,5
3.6,103.75,34.7,Quận 11,3,3,0,5.2,3.5,1,29/12/2025,3
10.5,156.72,67,Quận 11,10,4,1,4.5,3.5,0,29/12/2025,4
6.5,130,50,Quận 11,5,4,1,4.5,3,0,29/12/2025,4
16.8,336,50,Quận 11,8,4,1,3.4,5,0,29/12/2025,4
9.9,180,55,Quận 11,3,4,1,5,4,0,29/12/2025,4
14.6,211.59,69,Quận 11,2,4,1,4.2,4.5,0,29/12/2025,4
15.8,219.44,72,Quận 11,5,4,1,4,3,0,29/12/2025,4
1.78,35.6,50,Quận 11,8,2,1,4,2,0,29/12/2025,2
3.99,52.5,76,Quận 11,7,4,0,4.5,2,1,29/12/2025,4
9,183.67,49,Quận 11,13,2,1,3.5,2,0,29/12/2025,2
14.2,288.62,49.2,Quận 11,5,4,1,1,1,0,29/12/2025,4
6,157.89,38,Quận 11,5,2,1,3.5,1,0,28/12/2025,2
10.5,156.72,67,Quận 11,8,4,0,5.6,3.5,1,28/12/2025,4
8.6,172,50,Quận 11,5,5,1,4.1,4,0,28/12/2025,4
1.9,153.23,12.4,Quận 11,1,1,0,3.2,2,1,28/12/2025,1
4.68,68.82,68,Quận 11,16,3,1,4,3.5,0,28/12/2025,3
6.9,153.33,45,Quận 11,2,3,0,3,2,1,28/12/2025,3
3.2,46.24,69.2,Quận 11,7,4,0,4,3.5,1,28/12/2025,4
3.99,133,30,Quận 11,1,3,0,3,3,1,28/12/2025,3
2.89,46.61,62,Quận 11,11,4,0,4,3,1,28/12/2025,4
11,203.7,54,Quận 11,1,4,1,5.7,1,0,28/12/2025,4
25,290.7,86,Quận 11,12,2,1,12,1,0,28/12/2025,2
4.98,131.05,38,Quận 11,5,3,1,4,2,0,28/12/2025,3
10.7,157.35,68,Quận 11,6,4,1,4.3,2.5,0,28/12/2025,4
7.4,168.18,44,Quận 11,3,4,1,3.6,3,0,28/12/2025,4
14.2,225.4,63,Quận 11,3,14,1,4.1,4,0,28/12/2025,14
5.4,120,45,Quận 11,14,3,1,3.8,3,0,27/12/2025,3
6.2,114.81,54,Quận 11,3,4,0,4.5,3,1,27/12/2025,4
31.99,146.74,218,Quận 11,5,4,0,11,1,1,27/12/2025,4
3.59,69.04,52,Quận 11,1,4,0,3,4,1,27/12/2025,4
7.8,185.71,42,Quận 11,8,4,0,5.5,3,1,27/12/2025,4
7.4,185,40,Quận 11,3,2,1,8,2.5,0,27/12/2025,2
10.2,204,50,Quận 11,10,4,1,5,4,0,27/12/2025,4
9.7,82.91,117,Quận 11,3,1,0,5,5,1,27/12/2025,4
8.8,220,40,Quận 11,3,4,0,4.4,5,1,27/12/2025,4
9.7,82.91,117,Quận 11,3,1,0,5,5,1,27/12/2025,4
6.5,100,65,Quận 11,5,3,0,4.3,2,1,27/12/2025,3
7.5,187.5,40,Quận 11,3,3,1,3.5,3,0,27/12/2025,3
9.5,238.1,39.9,Quận 11,11,4,1,3.25,4.5,0,27/12/2025,5
1.9,158.33,12,Quận 11,1,1,1,3.2,2,0,27/12/2025,1
7.8,104,75,Quận 11,16,5,0,6,4,1,27/12/2025,4
6.98,286.07,24.4,Quận 11,14,2,0,4.6,3,1,27/12/2025,4
5.9,90.77,65,Quận 11,5,3,0,3,2,1,26/12/2025,4
4.98,124.5,40,Quận 11,5,2,0,4,2,1,26/12/2025,2
16.5,331.99,49.7,Quận 11,11,5,1,22,5.5,0,26/12/2025,5
10.2,150,68,Quận 11,10,4,1,4,3,0,26/12/2025,4
7.8,127.87,61,Quận 11,5,4,0,6,3.5,1,26/12/2025,4
35,419.66,83.4,Quận 11,12,4,1,3,2.5,0,26/12/2025,4
9.7,129.33,75,Quận 11,10,4,0,5,4,1,26/12/2025,4
8.65,192.22,45,Quận 11,10,4,0,3.5,3.5,1,26/12/2025,4
7,88.61,79,Quận 11,11,4,0,4,2,1,26/12/2025,4
6.9,222.58,31,Quận 11,14,3,1,10,3,0,26/12/2025,3
7.4,185,40,Quận 11,3,1,1,8,2.5,0,26/12/2025,1
9.9,180,55,Quận 11,14,3,1,8,3,0,26/12/2025,3
8.5,170,50,Quận 11,5,3,1,4.1,2.5,0,26/12/2025,3
4.98,131.05,38,Quận 11,5,11,0,3.4,2,1,26/12/2025,3
5.3,147.22,36,Quận 11,14,2,1,3.8,2,0,26/12/2025,2
5.35,178.33,30,Quận 11,1,3,0,5,3.5,1,26/12/2025,4
11.9,165.28,72,Quận 11,5,4,0,4,4,1,26/12/2025,4
4.28,158.52,27,Quận 11,12,2,1,6,1,0,26/12/2025,2
10,250,40,Quận 11,3,4,1,4,4,0,26/12/2025,4
10,151.52,66,Quận 11,3,4,0,5.5,4,1,26/12/2025,4
5.3,203.85,26,Quận 11,6,4,0,3.25,3.5,1,26/12/2025,4
10.2,204,50,Quận 11,3,4,1,5.3,4,0,25/12/2025,4
9.6,240,40,Quận 11,3,5,1,4,6,0,25/12/2025,5
21.5,195.45,110,Quận 11,15,5,0,4,3,1,25/12/2025,5
11.5,239.58,48,Quận 11,1,4,1,4,4,0,25/12/2025,4
9.7,244.95,39.6,Quận 11,1,113,1,16,3,0,25/12/2025,113
150,454.55,330,Quận 11,15,4,1,15,9,0,25/12/2025,4
16.5,275,60,Quận 11,11,4,1,4,5,0,25/12/2025,4
6.1,234.62,26,Quận 11,7,3,0,3,5,1,25/12/2025,3
6.7,111.67,60,Quận 11,13,4,1,4.3,4,0,25/12/2025,4
9.89,119.16,83,Quận 11,2,3,1,7,2,0,25/12/2025,3
11,161.76,68,Quận 11,10,4,1,4,5,0,25/12/2025,4
7.8,127.87,61,Quận 11,5,4,1,2,3.5,0,25/12/2025,4
8.5,149.91,56.7,Quận 11,5,4,1,4.1,2.5,0,25/12/2025,4
9.5,215.91,44,Quận 11,14,4,0,4,4.5,1,25/12/2025,4
6.5,196.97,33,Quận 11,7,2,0,3,2,1,25/12/2025,2
3.18,155.88,20.4,Quận 11,14,2,1,3,2,0,25/12/2025,4
9.8,116.67,84,Quận 11,8,4,0,4,2,1,25/12/2025,4
95,182.69,520,Quận 11,15,2,1,20.5,2,0,25/12/2025,2
9.8,148.48,66,Quận 11,4,2,0,4,2,1,25/12/2025,2
46,565.81,81.3,Quận 11,7,4,1,4,5,0,25/12/2025,4
10.5,169.35,62,Quận 11,3,4,0,4,2.5,1,25/12/2025,4
8.7,150,58,Quận 11,5,4,1,3.6,4,0,25/12/2025,4
9.9,175.53,56.4,Quận 11,13,4,1,4.7,5,0,25/12/2025,4
4.09,49.88,82,Quận 11,11,4,0,4.5,2,1,25/12/2025,4
10,200,50,Quận 11,10,4,1,4.5,5,0,24/12/2025,4
11.5,250,46,Quận 11,16,5,1,4,3.5,0,24/12/2025,5
11.5,253.86,45.3,Quận 11,1,3,1,4,3.5,0,24/12/2025,3
14.8,296,50,Quận 11,3,4,1,18,4.5,0,24/12/2025,4
12.5,227.27,55,Quận 11,8,2,1,4.5,2,0,24/12/2025,2
90,300,300,Quận 11,15,4,1,15,5,0,24/12/2025,4
5.4,200,27,Quận 11,7,4,0,3.1,3.5,1,24/12/2025,4
3.5,166.67,21,Quận 11,7,3,0,3.6,2,1,24/12/2025,3
9.8,148.48,66,Quận 11,14,4,1,4,2,0,24/12/2025,4
17.5,336.54,52,Quận 11,10,3,1,4,3,0,24/12/2025,3
12.8,185.51,69,Quận 11,12,4,0,6,4.5,1,24/12/2025,4
10.9,103.81,105,Quận 11,1,7,0,7,5,1,24/12/2025,4
18,257.14,70,Quận 11,10,5,1,4.5,5,0,24/12/2025,5
6.2,140.91,44,Quận 11,1,4,1,3.8,3,0,24/12/2025,4
19.8,105.32,188,Quận 11,5,1,1,6,6,0,24/12/2025,1
6.9,127.78,54,Quận 11,14,4,0,4,3.5,1,24/12/2025,4
13.8,172.5,80,Quận 11,11,4,0,7,3,1,24/12/2025,4
14.5,226.56,64,Quận 11,3,4,1,4,3.5,0,24/12/2025,4
8.5,126.87,67,Quận 11,5,5,1,4,3.5,0,23/12/2025,5
8.4,123.53,68,Quận 11,5,5,1,4,3.5,0,23/12/2025,5
8.95,137.69,65,Quận 11,4,1,1,5,5,0,23/12/2025,1
21,200,105,Quận 11,4,1,1,5,1,0,23/12/2025,1
95,184.11,516,Quận 11,15,4,0,21,2,1,23/12/2025,4
5.9,92.19,64,Quận 11,5,4,1,3.6,2,0,23/12/2025,4
8.5,212.5,40,Quận 11,14,2,0,4.1,4,1,23/12/2025,2
6.3,143.18,44,Quận 11,1,4,0,5,3.5,1,23/12/2025,4
9.8,148.48,66,Quận 11,11,2,0,9.8,2,1,23/12/2025,2
26.5,294.44,90,Quận 11,15,4,1,6,5,0,23/12/2025,4
9.9,175.53,56.4,Quận 11,13,4,1,4.7,5,0,23/12/2025,4
5.89,92.03,64,Quận 11,5,2,1,3.6,1,0,23/12/2025,2
14.8,234.92,63,Quận 11,14,4,1,4,4,0,23/12/2025,4
2.89,46.61,62,Quận 11,15,3,0,4.6,2,1,23/12/2025,3
66,226.03,292,Quận 11,5,4,1,3.9,4,0,23/12/2025,5
95,184.47,515,Quận 11,15,4,0,20,2,1,23/12/2025,4
23,287.5,80,Quận 11,16,4,1,3,5,0,23/12/2025,4
25.5,303.57,84,Quận 11,15,4,0,10,6,1,23/12/2025,4
16.6,230.56,72,Quận 11,4,4,1,4.2,1,0,23/12/2025,4
3.88,47.55,81.6,Quận 11,7,4,0,4.8,3.5,1,23/12/2025,4
4.38,156.43,28,Quận 11,10,2,0,3.3,2,1,23/12/2025,2
24,296.3,81,Quận 11,16,4,1,4,4,0,23/12/2025,4
37,115.62,320,Quận 11,16,5,0,8,3,1,22/12/2025,5
2.7,158.82,17,Quận 11,16,4,0,4,2,1,22/12/2025,4
6.8,194.29,35,Quận 11,13,4,1,5,2,0,22/12/2025,4
4.95,103.12,48,Quận 11,14,100,0,4,3.5,1,22/12/2025,4
6.3,110.53,57,Quận 11,4,1,0,4,1,1,22/12/2025,1
1.75,56.45,31,Quận 11,11,1,0,3,1,1,22/12/2025,1
3.6,225,16,Quận 11,11,2,1,3,3,0,22/12/2025,2
10.6,143.24,74,Quận 11,3,3,0,5,3.5,1,22/12/2025,3
10.7,148.61,72,Quận 11,14,3,1,4.2,4,0,22/12/2025,3
7.9,103.95,76,Quận 11,4,1,0,4,1,1,22/12/2025,1
12,160,75,Quận 11,3,4,0,5.4,3.5,1,22/12/2025,4
16.5,194.12,85,Quận 11,3,4,1,4.8,4.5,0,22/12/2025,4
6.9,138,50,Quận 11,14,11,1,4.1,3,0,22/12/2025,11
2.7,35.39,76.3,Quận 11,7,4,0,4.5,2,1,22/12/2025,4
10.9,155.71,70,Quận 11,8,8,1,5,3.5,0,22/12/2025,8
18,225,80,Quận 11,1,4,1,6,3.5,0,22/12/2025,4
5.71,86.2,66.24,Quận 11,7,4,1,4.6,4.5,0,22/12/2025,4
6.6,140.43,47,Quận 11,16,5,0,5.8,3.5,1,22/12/2025,5
3.4,46.45,73.2,Quận 11,11,4,0,4.6,3.5,1,21/12/2025,4
6,142.86,42,Quận 11,2,4,1,3.8,4,0,21/12/2025,4
86,344,250,Quận 11,15,4,1,12.5,2,0,21/12/2025,4
3.68,48.23,76.3,Quận 11,7,4,1,4.5,2,0,21/12/2025,4
25,277.78,90,Quận 11,13,5,1,3.6,9,0,21/12/2025,5
3.89,49.87,78,Quận 11,11,4,0,4.5,3,1,21/12/2025,4
85,425,200,Quận 11,15,4,1,12.2,7,0,21/12/2025,4
7.3,126.96,57.5,Quận 11,8,4,0,6,3,1,21/12/2025,4
12.2,203.33,60,Quận 11,4,4,1,4,3.5,0,21/12/2025,4
4.56,80.42,56.7,Quận 11,11,4,0,4.2,3.5,1,21/12/2025,4
12.5,186.57,67,Quận 11,16,4,0,6,4.5,1,21/12/2025,4
10.15,203,50,Quận 11,3,4,1,5.3,4,0,21/12/2025,4
6.9,143.75,48,Quận 11,5,4,1,3,3,0,20/12/2025,4
5.2,206.35,25.2,Quận 11,6,11,1,3.25,3,0,20/12/2025,11
8.8,220,40,Quận 11,3,7,0,4.5,5,1,20/12/2025,4
4.1,128.12,32,Quận 11,1,2,0,4,2,1,20/12/2025,2
11.85,139.41,85,Quận 11,5,5,0,4.1,5,1,20/12/2025,4
85,427.57,198.8,Quận 11,5,4,1,12.5,2,0,20/12/2025,4
5,128.21,39,Quận 11,3,4,1,3.5,3,0,20/12/2025,4
6.6,160.98,41,Quận 11,14,4,0,4,3,1,20/12/2025,4
6.9,123.21,56,Quận 11,14,5,0,4,3.5,1,20/12/2025,5
6.6,150,44,Quận 11,1,4,0,5,3.5,1,20/12/2025,4
3.89,51.87,75,Quận 11,7,3,1,5,3.5,0,20/12/2025,3
6.9,135.29,51,Quận 11,14,5,1,4.1,4.5,0,20/12/2025,5
6.4,148.84,43,Quận 11,2,3,1,3.5,3,0,20/12/2025,3
7.98,133,60,Quận 11,5,4,0,1,4,1,20/12/2025,4
7.3,91.25,80,Quận 11,11,4,1,4,2,0,20/12/2025,4
6.9,123.21,56,Quận 11,14,5,0,4,4,1,20/12/2025,4
5.1,154.55,33,Quận 11,3,4,1,3.4,3,0,20/12/2025,4
5.1,130.77,39,Quận 11,3,3,1,3.5,3,0,20/12/2025,4
25.5,212.5,120,Quận 11,4,4,1,4.1,1,0,20/12/2025,4
5,125,40,Quận 11,5,3,0,4,2,1,20/12/2025,3
14.9,310.42,48,Quận 11,3,4,1,4,4,0,20/12/2025,5
6.6,150,44,Quận 11,1,4,0,4,3.5,1,20/12/2025,4
9.5,201.57,47.13,Quận 11,11,4,0,3.25,5,1,20/12/2025,5
14.2,215.15,66,Quận 11,15,2,1,10,2,0,19/12/2025,2
6.6,137.5,48,Quận 11,1,4,1,3.9,4.5,0,19/12/2025,4
5,166.67,30,Quận 11,1,2,1,3.6,2,0,19/12/2025,2
3.25,42.76,76,Quận 11,11,4,1,4.7,4,0,19/12/2025,4
6.6,150,44,Quận 11,1,4,1,3.8,3.5,0,19/12/2025,4
27,421.88,64,Quận 11,16,4,1,4.2,7.5,0,19/12/2025,4
10.2,204,50,Quận 11,3,4,1,5.3,4,0,19/12/2025,4
22,289.47,76,Quận 11,5,4,1,4,5,0,19/12/2025,4
16.6,237.14,70,Quận 11,15,4,1,4.5,4,0,19/12/2025,4
30,234.38,128,Quận 11,15,4,0,8,2,1,19/12/2025,4
2.35,40.52,58,Quận 11,8,4,0,4,3,1,19/12/2025,4
10.2,229.73,44.4,Quận 11,8,4,1,3.7,6,0,19/12/2025,4
15.8,105.33,150,Quận 11,1,4,0,5,3,1,19/12/2025,4
6.1,95.31,64,Quận 11,5,3,1,3.6,2,0,19/12/2025,4
14.5,290,50,Quận 11,3,4,1,2,4.5,0,19/12/2025,4
19,223.53,85,Quận 11,4,4,1,4,4,0,19/12/2025,4
6.9,115,60,Quận 11,14,5,1,4,4.5,0,19/12/2025,5
6.8,113.33,60,Quận 11,13,2,1,2,2,0,19/12/2025,2
6.6,146.67,45,Quận 11,1,4,1,3.8,3.5,0,19/12/2025,4
17.3,298.28,58,Quận 11,1,17,1,10,1,0,19/12/2025,17
105,194.44,540,Quận 11,15,4,0,20,3,1,19/12/2025,4
6.9,123.21,56,Quận 11,14,4,0,4,3.5,1,19/12/2025,4
6.6,146.67,45,Quận 11,1,4,0,3.8,4,1,19/12/2025,4
5.3,77.94,68,Quận 11,5,4,1,4.5,4,0,19/12/2025,4
9.9,84.62,117,Quận 11,3,1,1,5,1,0,18/12/2025,1
16,313.73,51,Quận 11,1,4,0,30,5,1,18/12/2025,4
7.5,277.78,27,Quận 11,7,2,1,3,3.5,0,18/12/2025,2
7.3,270.37,27,Quận 11,7,2,0,4,3,1,18/12/2025,2
14.5,230.16,63,Quận 11,5,4,1,4,4.5,0,18/12/2025,5
6.6,151.72,43.5,Quận 11,1,4,1,3.8,3.5,0,18/12/2025,4
6.2,163.16,38,Quận 11,11,4,0,3.8,3.5,1,18/12/2025,4
69,479.17,144,Quận 11,6,4,1,3,3,0,18/12/2025,4
6.6,114.78,57.5,Quận 11,5,4,1,4,5,0,18/12/2025,4
16.5,317.31,52,Quận 11,14,4,1,4,3,0,18/12/2025,4
5.1,130.77,39,Quận 11,3,3,1,3.5,3,0,18/12/2025,3
6.9,135.83,50.8,Quận 11,14,4,1,4.1,4.5,0,18/12/2025,5
6.8,113.33,60,Quận 11,13,2,1,5,1,0,18/12/2025,2
5.15,173.4,29.7,Quận 11,12,2,0,3.3,3.5,1,18/12/2025,2
4.8,160,30,Quận 11,1,4,0,3.3,3,1,18/12/2025,4
3.6,133.33,27,Quận 11,12,3,1,3.15,3.5,0,18/12/2025,3
7.5,123.36,60.8,Quận 11,5,4,0,3.8,2,1,18/12/2025,4
8.2,117.14,70,Quận 11,5,11,1,4,3,0,18/12/2025,4
4.65,166.07,28,Quận 11,11,3,0,3.5,4,1,18/12/2025,3
7.5,147.06,51,Quận 11,16,4,0,3.5,3,1,18/12/2025,4
5.4,112.5,48,Quận 11,5,4,0,4,2,1,18/12/2025,4
16,168.42,95,Quận 11,5,4,0,5.5,5.5,1,18/12/2025,4
58,453.12,128,Quận 11,6,4,1,3,4,0,18/12/2025,4
1.86,155,12,Quận 11,11,1,0,2.7,2,1,17/12/2025,1
2.7,142.11,19,Quận 11,11,3,0,3.8,4,1,17/12/2025,3
5.99,153.59,39,Quận 5,2,4,0,3.9,1,1,5/1/2026,4
3.55,55.47,64,Quận 5,12,2,1,4,2,0,5/1/2026,2
4.8,100,48,Quận 5,3,4,1,4,5,0,5/1/2026,4
3.88,88.18,44,Quận 5,2,4,1,6,4,0,4/1/2026,4
3.99,66.5,60,Quận 5,12,4,0,4,1,1,4/1/2026,4
4.39,109.75,40,Quận 5,1,4,1,4,1,0,4/1/2026,4
4.55,101.11,45,Quận 5,7,4,0,4.5,1,1,4/1/2026,4
6.3,215.75,29.2,Quận 5,5,3,1,3.2,4,0,31/12/2025,3
5.98,209.82,28.5,Quận 5,12,5,1,3,4,0,30/12/2025,5
37.95,354.67,107,Quận 5,3,30,1,6.4,7,0,30/12/2025,30
11,183.33,60,Quận 5,12,5,0,8,4,1,30/12/2025,5
6.8,161.9,42,Quận 5,6,3,1,4.2,2,0,30/12/2025,3
3.77,72.5,52,Quận 5,12,4,1,6,3,0,29/12/2025,4
7.15,84.12,85,Quận 5,12,4,1,5,1,0,29/12/2025,4
1.4,14,100,Quận 5,5,4,1,5,1,0,26/12/2025,4
400,620.16,645,Quận 5,12,4,1,20.3,5,0,25/12/2025,4
5.98,249.17,24,Quận 5,12,4,1,3,3,0,24/12/2025,4
4.9,163.33,30,Quận 5,4,4,0,3,3,1,24/12/2025,4
6,150,40,Quận 5,5,3,0,4,3,1,23/12/2025,4
10,125,80,Quận 5,6,5,1,4,4,0,23/12/2025,5
13.5,198.53,68,Quận 5,5,4,1,5,5.5,0,22/12/2025,4
19.5,232.14,84,Quận 5,10,5,1,4,4,0,22/12/2025,5
19.5,232.14,84,Quận 5,10,5,1,4,4,0,21/12/2025,5
7,112.9,62,Quận 5,12,3,0,4,1.5,1,18/12/2025,3
3,20.69,145,Quận 5,4,4,1,8,1,0,18/12/2025,4
10.5,145.83,72,Quận 5,6,11,1,4,4,0,16/12/2025,4
3.98,53.78,74,Quận 5,10,3,0,5,3,1,15/12/2025,3
2.15,107.5,20,Quận 5,12,2,1,4,1,0,8/12/2025,4
2.5,192.31,13,Quận 5,2,2,0,3.8,3.5,1,5/1/2026,2
10.1,144.29,70,Quận 5,1,5,1,4.06,2,0,5/1/2026,4
4.09,49.28,83,Quận 5,12,4,0,6,3.5,1,5/1/2026,4
3.65,51.99,70.2,Quận 5,12,4,0,4.5,3,1,4/1/2026,4
3.7,50.48,73.3,Quận 5,14,4,0,4,4,1,4/1/2026,4
3.55,46.16,76.9,Quận 5,12,4,0,5,3.5,1,4/1/2026,4
2.95,212.23,13.9,Quận 5,1,2,0,3.65,3,1,4/1/2026,2
50,462.96,108,Quận 5,1,4,1,6,5,0,4/1/2026,4
6.35,102.42,62,Quận 5,14,4,0,4,3,1,4/1/2026,4
19.5,234.94,83,Quận 5,5,4,0,7.6,4.5,1,4/1/2026,4
2.2,42.31,52,Quận 5,2,4,1,6,3,0,4/1/2026,4
40,384.62,104,Quận 5,9,4,1,4,4,0,4/1/2026,4
65,318.63,204,Quận 5,4,4,1,8,4,0,4/1/2026,4
40,347.83,115,Quận 5,12,4,1,6,7,0,4/1/2026,4
119,595,200,Quận 5,12,4,1,11,7,0,4/1/2026,4
4.26,49.53,86,Quận 5,12,4,0,5.5,2,1,4/1/2026,4
3.9,61.32,63.6,Quận 5,10,3,0,4.3,3.5,1,4/1/2026,3
6.4,123.08,52,Quận 5,4,4,1,4,1,0,4/1/2026,4
4.2,210,20,Quận 5,12,2,1,3,2,0,4/1/2026,4
20,226.24,88.4,Quận 5,1,4,1,1,4.5,0,4/1/2026,4
250,1116.07,224,Quận 5,2,4,1,8.7,9,0,4/1/2026,4
6.4,266.67,24,Quận 5,2,2,0,6,4.5,1,4/1/2026,2
2.25,54.88,41,Quận 5,2,4,1,5,3.5,0,4/1/2026,4
13.29,241.64,55,Quận 5,3,5,0,4.3,2,1,4/1/2026,5
9,136.36,66,Quận 5,3,3,0,5,2,1,3/1/2026,3
9.7,129.33,75,Quận 5,3,4,0,4,3.5,1,3/1/2026,4
19.5,234.94,83,Quận 5,10,4,1,4,4,0,3/1/2026,4
3.75,47.95,78.2,Quận 5,14,4,1,4.6,3.5,0,3/1/2026,4
35,437.5,80,Quận 5,12,4,1,4,5,0,3/1/2026,4
4.7,59.87,78.5,Quận 5,3,3,0,3,6,1,3/1/2026,3
6.5,216.67,30,Quận 5,2,3,1,3.2,4.5,0,3/1/2026,3
35,299.15,117,Quận 5,7,4,1,4.1,4,0,3/1/2026,4
3,34.88,86,Quận 5,13,2,0,8.2,5.5,1,3/1/2026,2
5.68,218.46,26,Quận 5,2,4,0,6,3.5,1,3/1/2026,4
14.9,317.02,47,Quận 5,12,4,1,4.7,4,0,3/1/2026,4
2.25,55.28,40.7,Quận 5,2,4,0,4.2,4.5,1,3/1/2026,4
35,333.33,105,Quận 5,4,4,1,4.2,8,0,3/1/2026,4
6.1,203.33,30,Quận 5,5,4,0,3.2,4,1,3/1/2026,4
8.9,185.42,48,Quận 5,2,4,0,4,1,1,3/1/2026,4
14.7,294,50,Quận 5,1,4,0,4.7,3.5,1,3/1/2026,4
3.26,46.31,70.4,Quận 5,14,4,1,4.4,3,0,3/1/2026,4
10.8,216,50,Quận 5,11,4,1,3.7,3.5,0,3/1/2026,4
17.5,233.33,75,Quận 5,3,4,0,7.5,5,1,2/1/2026,4
30,375,80,Quận 5,11,4,1,4,6,0,2/1/2026,4
33,311.32,106,Quận 5,2,4,0,7.6,6,1,2/1/2026,4
4.5,57.11,78.8,Quận 5,12,3,1,5,2,0,2/1/2026,3
6.7,101.52,66,Quận 5,6,6,1,4,3,0,2/1/2026,4
45,266.27,169,Quận 5,10,4,1,9,7,0,2/1/2026,4
31,387.5,80,Quận 5,5,4,1,4,6,0,2/1/2026,4
34,531.25,64,Quận 5,8,4,1,2,2,0,2/1/2026,4
6.7,101.52,66,Quận 5,6,3,0,5,3,1,2/1/2026,3
15.8,228.99,69,Quận 5,12,4,0,4,3.5,1,2/1/2026,4
5.12,70.62,72.5,Quận 5,14,4,1,5,4.5,0,2/1/2026,4
3.57,44.07,81,Quận 5,11,4,1,4.5,3.5,0,2/1/2026,4
5.35,73.49,72.8,Quận 5,7,4,0,5.2,3,1,2/1/2026,4
8.8,195.56,45,Quận 5,2,4,0,3.8,2,1,2/1/2026,4
6.1,210.34,29,Quận 5,5,4,1,3.2,4,0,2/1/2026,4
8.4,227.03,37,Quận 5,3,3,0,4,4,1,2/1/2026,3
9,187.5,48,Quận 5,12,3,0,4.5,1,1,2/1/2026,3
25.2,327.27,77,Quận 5,1,4,1,4,4,0,2/1/2026,4
4.4,65.48,67.2,Quận 5,5,4,0,4,3.5,1,2/1/2026,4
5.77,82.43,70,Quận 5,9,3,1,5,3.5,0,2/1/2026,3
4.36,50.7,86,Quận 5,12,4,1,5.5,4,0,1/1/2026,4
1.96,35,56,Quận 5,4,3,1,4,2,0,1/1/2026,3
2.36,39.33,60,Quận 5,12,4,1,4,3,0,1/1/2026,4
19.5,237.8,82,Quận 5,5,5,0,7.6,4.5,1,1/1/2026,4
69,392.05,176,Quận 5,7,4,1,8,6,0,1/1/2026,4
2.69,48.91,55,Quận 5,4,2,0,5,3,1,2/1/2026,2
3,34.88,86,Quận 5,13,2,1,12,1355,0,1/1/2026,2
130,388.06,335,Quận 5,2,4,0,10,10,1,1/1/2026,4
19,316.67,60,Quận 5,14,3,1,4.1,7,0,1/1/2026,4
5.36,85.08,63,Quận 5,12,3,0,4.5,3.5,1,1/1/2026,3
19.5,237.8,82,Quận 5,5,4,1,7.6,4.5,0,1/1/2026,4
19.5,237.8,82,Quận 5,5,4,0,5,5,1,1/1/2026,4
3.99,53.2,75,Quận 5,7,4,0,5.2,2,1,1/1/2026,4
6.7,279.17,24,Quận 5,1,5,0,3,4,1,1/1/2026,5
3.65,51.34,71.1,Quận 5,12,4,0,4.7,3.5,1,1/1/2026,4
4.25,54.49,78,Quận 5,12,4,1,5,3,0,1/1/2026,4
16,432.43,37,Quận 5,9,4,1,4.1,4,0,1/1/2026,4
17.8,273.85,65,Quận 5,2,5,1,7.8,4,0,1/1/2026,4
4.22,51.91,81.3,Quận 5,9,4,1,5,4,0,1/1/2026,4
3.5,60.66,57.7,Quận 5,12,4,1,5,3,0,31/12/2025,4
3.95,58.09,68,Quận 5,7,4,1,5,3.5,0,31/12/2025,4
12.5,328.95,38,Quận 5,4,4,1,3,3,0,31/12/2025,4
6.3,215.75,29.2,Quận 5,5,3,1,3.2,4,0,31/12/2025,3
10.8,203.77,53,Quận 5,11,4,1,3.7,4,0,31/12/2025,4
8.9,156.14,57,Quận 5,7,3,1,4,3,0,31/12/2025,3
10.5,276.32,38,Quận 5,4,4,1,5,3.5,0,31/12/2025,4
9.9,259.84,38.1,Quận 5,4,4,1,3.7,3.5,0,31/12/2025,4
3.35,44.67,75,Quận 5,12,3,1,5,3,0,31/12/2025,3
20,425.53,47,Quận 5,11,4,1,4,4,0,31/12/2025,4
7.99,142.68,56,Quận 5,2,2,1,6,2,0,31/12/2025,2
18.5,273.67,67.6,Quận 5,5,4,1,4,5,0,31/12/2025,4
200,800,250,Quận 5,1,4,1,9,11,0,31/12/2025,4
35,186.17,188,Quận 5,9,4,1,5,3,0,31/12/2025,4
8.5,265.62,32,Quận 5,9,4,1,4,2,0,31/12/2025,4
13.29,240.33,55.3,Quận 5,12,5,0,4.3,3,1,31/12/2025,5
5.3,220.83,24,Quận 5,4,3,1,5,3,0,31/12/2025,2
33.5,465.28,72,Quận 5,8,4,1,4,5,0,31/12/2025,4
4.5,100.9,44.6,Quận 5,12,4,1,3,2,0,31/12/2025,4
2.12,33.12,64,Quận 5,12,5,0,4,1,1,31/12/2025,2
21.5,259.04,83,Quận 5,11,4,1,4,5,0,31/12/2025,4
18,204.55,88,Quận 5,4,4,1,4,3,0,30/12/2025,4
27,337.5,80,Quận 5,5,4,1,4,2,0,30/12/2025,4
19,223.53,85,Quận 5,5,4,0,7.6,4,1,30/12/2025,4
4.6,269.01,17.1,Quận 5,1,3,1,2.8,4,0,30/12/2025,3
3.98,58.88,67.6,Quận 5,12,2,1,5,2,0,30/12/2025,2
7.99,142.68,56,Quận 5,2,2,1,6,2,0,30/12/2025,2
5.88,245,24,Quận 5,1,2,0,3,3,1,30/12/2025,2
9.2,242.11,38,Quận 5,7,4,1,3.7,3,0,30/12/2025,4
24,380.95,63,Quận 5,12,4,1,5,5,0,30/12/2025,4
9.1,182,50,Quận 5,1,4,0,4,4,1,30/12/2025,4
18,276.07,65.2,Quận 5,3,4,1,7.75,3,0,30/12/2025,4
16.5,214.29,77,Quận 5,4,4,0,4.7,3.5,1,30/12/2025,4
8.5,314.81,27,Quận 5,2,3,0,3,3,1,30/12/2025,4
8.4,227.03,37,Quận 5,7,3,1,7,3.5,0,30/12/2025,3
10,111.11,90,Quận 5,6,3,1,4,2,0,30/12/2025,4
8.6,268.75,32,Quận 5,4,4,1,3.5,4.5,0,30/12/2025,4
70,350,200,Quận 5,4,4,0,8,4,1,30/12/2025,4
135,672.31,200.8,Quận 5,4,4,1,10,7,0,30/12/2025,4
5.58,159.43,35,Quận 5,5,4,1,3,3,0,30/12/2025,4
160,500,320,Quận 5,7,4,1,16,3,0,30/12/2025,4
7,112.9,62,Quận 5,4,4,0,4,1,1,30/12/2025,4
11,289.47,38,Quận 5,4,3,1,3.7,3.5,0,30/12/2025,3
19.5,237.8,82,Quận 5,12,4,0,1,4.5,1,29/12/2025,4
26,342.11,76,Quận 5,5,4,1,4,5.5,0,29/12/2025,4
23,560.98,41,Quận 5,11,4,1,4.1,6,0,29/12/2025,4
20,284.09,70.4,Quận 5,2,4,0,7,3,1,29/12/2025,4
5.58,71.08,78.5,Quận 5,12,4,1,5,4,0,29/12/2025,4
6.3,210,30,Quận 5,5,5,1,3.2,4,0,29/12/2025,3
19.5,232.14,84,Quận 5,5,5,1,7.6,4.5,0,29/12/2025,4
35.5,243.82,145.6,Quận 5,4,4,1,5.2,1,0,29/12/2025,4
2.5,192.31,13,Quận 5,2,2,1,3,3.5,0,29/12/2025,2
19,250,76,Quận 5,5,4,1,4.4,3.5,0,29/12/2025,4
5.3,220.83,24,Quận 5,1,2,0,3.1,2,1,29/12/2025,2
10.2,180.21,56.6,Quận 5,4,4,1,3.9,3.5,0,29/12/2025,4
2.12,33.12,64,Quận 5,12,5,0,4,1,1,29/12/2025,2
1.5,75,20,Quận 5,7,2,0,7,1,1,29/12/2025,2
12.35,252.04,49,Quận 5,12,5,1,5,4.5,0,29/12/2025,5
42,300,140,Quận 5,3,4,1,6.5,7,0,29/12/2025,4
5.49,167.38,32.8,Quận 5,12,3,1,3,3.5,0,29/12/2025,3
4.2,58.82,71.4,Quận 5,4,3,1,4.6,4.5,0,29/12/2025,3
3.9,48.75,80,Quận 5,5,4,0,5,3.5,1,29/12/2025,4
3.9,65,60,Quận 5,12,4,0,4,4.5,1,29/12/2025,4
3.22,69.25,46.5,Quận 5,12,2,0,5,1,1,29/12/2025,2
4.6,51.11,90,Quận 5,1,5,0,5,3.5,1,29/12/2025,5
45,409.09,110,Quận 5,3,4,1,5,5,0,29/12/2025,4
2.6,60.47,43,Quận 5,8,5,0,6.5,1,1,29/12/2025,2
2.6,28.89,90,Quận 5,12,3,1,6.15,3.5,0,28/12/2025,3
48,355.56,135,Quận 5,12,3,1,9,8,0,28/12/2025,4
37,462.5,80,Quận 5,2,4,1,4,7,0,28/12/2025,4
22,338.46,65,Quận 5,14,4,1,4.1,5,0,28/12/2025,4
4.7,60.72,77.4,Quận 5,2,4,1,4.3,4.5,0,28/12/2025,4
19.5,237.52,82.1,Quận 5,5,5,0,7.6,4.5,1,28/12/2025,4
250,739.64,338,Quận 5,12,4,1,11.3,9,0,28/12/2025,4
3.59,45.73,78.5,Quận 5,4,4,0,6.5,4,1,28/12/2025,4
37,462.5,80,Quận 5,8,4,1,4,7,0,28/12/2025,4
3.59,46.03,78,Quận 5,12,4,1,5,5,0,28/12/2025,4
3.75,46.41,80.8,Quận 5,5,4,0,5,4,1,28/12/2025,4
3.68,52.57,70,Quận 5,9,4,0,4.7,3,1,28/12/2025,4
11.8,351.19,33.6,Quận 5,5,4,1,4.2,3,0,28/12/2025,4
65,541.67,120,Quận 5,12,4,1,8,4,0,28/12/2025,4
124,276.79,448,Quận 5,10,4,1,16,2,0,28/12/2025,4
27.5,289.47,95,Quận 5,3,4,1,5,7,0,28/12/2025,4
9.9,241.46,41,Quận 5,7,5,0,3.4,5,1,28/12/2025,4
1.89,36.35,52,Quận 5,12,3,0,5,2,1,28/12/2025,3
68,453.33,150,Quận 5,6,4,1,8,9,0,28/12/2025,4
3.88,50.92,76.2,Quận 5,12,4,0,5,4.5,1,27/12/2025,4
3.3,52.38,63,Quận 5,2,4,0,6,3.5,1,27/12/2025,4
4.95,78.57,63,Quận 5,12,3,0,4.5,3.5,1,27/12/2025,3
155,360.47,430,Quận 5,12,4,0,16.5,7,1,27/12/2025,4
3.4,60.71,56,Quận 5,1,4,1,4,3,0,27/12/2025,4
4.49,54.49,82.4,Quận 5,14,4,0,5.8,3.5,1,27/12/2025,4
6.28,104.67,60,Quận 5,12,3,1,4,4,0,27/12/2025,3
2.5,36.76,68,Quận 5,2,4,0,4,3,1,27/12/2025,4
3.2,53.33,60,Quận 5,1,109,0,1,1,1,27/12/2025,2
7,225.81,31,Quận 5,1,5,0,3,4,1,27/12/2025,5
11.75,189.52,62,Quận 5,5,5,0,4,4.5,1,27/12/2025,4
53,452.99,117,Quận 5,12,4,1,8,6,0,27/12/2025,4
4.2,53.64,78.3,Quận 5,7,4,0,5.4,3.5,1,27/12/2025,4
1.95,36.11,54,Quận 5,4,2,0,4,2,1,27/12/2025,2
58.9,334.66,176,Quận 5,1,4,1,8,7,0,27/12/2025,4
34.8,267.69,130,Quận 5,12,4,0,6.5,7,1,27/12/2025,4
67,398.81,168,Quận 5,6,4,1,8,7,0,27/12/2025,4
3.35,38.07,88,Quận 5,4,4,0,6,4.5,1,27/12/2025,4
6.6,235.71,28,Quận 5,2,5,0,3.2,5,1,27/12/2025,3
1.2,14.23,84.3,Quận 5,5,3,1,4,2.5,0,27/12/2025,3
95,395.83,240,Quận 5,12,4,1,11,8,0,27/12/2025,4
50,500,100,Quận 5,12,4,1,4.5,9,0,27/12/2025,4
43,238.89,180,Quận 5,1,4,1,4.5,3,0,27/12/2025,4
235,671.43,350,Quận 5,1,4,1,12,10,0,27/12/2025,4
115,500,230,Quận 5,12,4,1,11,11,0,26/12/2025,4
45,312.5,144,Quận 5,6,4,1,8,8,0,26/12/2025,4
11.8,190.32,62,Quận 5,12,4,0,3.9,4.5,1,26/12/2025,4
40,380.95,105,Quận 5,4,4,1,5,6,0,26/12/2025,4
6.8,323.81,21,Quận 5,2,5,1,3.5,3.5,0,26/12/2025,5
12.5,121.36,103,Quận 5,8,2,1,3.95,1,0,26/12/2025,2
25,337.84,74,Quận 5,7,4,1,4,3,0,26/12/2025,4
3.8,42.7,89,Quận 5,2,3,0,5,4,1,26/12/2025,3
7.79,154.56,50.4,Quận 5,9,3,0,3.6,4,1,26/12/2025,4
18.5,370,50,Quận 5,12,4,1,4,5,0,26/12/2025,4
17.8,593.33,30,Quận 5,4,4,1,3.5,4,0,26/12/2025,4
18,211.76,85,Quận 5,4,4,0,4,3,1,26/12/2025,4
38,355.14,107,Quận 5,12,4,1,6.4,7,0,26/12/2025,4
4.85,210.87,23,Quận 5,2,2,1,3,1,0,26/12/2025,2
27.9,328.24,85,Quận 5,5,4,1,4.7,3,0,26/12/2025,4
18,211.76,85,Quận 5,4,4,1,4,3,0,26/12/2025,4
7.79,154.56,50.4,Quận 5,9,4,0,3.6,4,1,26/12/2025,4
23,410.71,56,Quận 5,5,4,1,4,6.5,0,26/12/2025,4
400,597.01,670,Quận 5,2,4,1,20.4,4,0,26/12/2025,4
48,272.73,176,Quận 5,8,4,1,8,6,0,26/12/2025,4
5,192.31,26,Quận 5,2,4,0,4.5,4,1,26/12/2025,4
19.5,195,100,Quận 5,4,4,1,30,4,0,25/12/2025,4
3.55,58.2,61,Quận 5,12,2,1,4,3,0,25/12/2025,2
50,402.9,124.1,Quận 5,10,4,1,7.3,5,0,25/12/2025,4
26,337.66,77,Quận 5,1,4,1,4,4,0,25/12/2025,4
7.99,142.68,56,Quận 5,12,2,1,6,2,0,25/12/2025,2
26,346.67,75,Quận 5,7,26,1,3.95,3,0,25/12/2025,26
19,248.37,76.5,Quận 5,5,10,0,4.5,4,1,25/12/2025,4
13.5,354.33,38.1,Quận 5,12,4,1,3.7,3.5,0,25/12/2025,4
9.7,179.63,54,Quận 5,1,5,0,5,3.5,1,25/12/2025,5
45.6,451.49,101,Quận 5,12,4,1,5.2,2,0,25/12/2025,4
3.59,48.32,74.3,Quận 5,4,4,0,4.2,2,1,25/12/2025,4
31.4,389.58,80.6,Quận 5,8,4,1,4,4,0,25/12/2025,4
75,750,100,Quận 5,12,4,1,5,5,0,25/12/2025,4
6,125,48,Quận 5,5,2,0,2,1,1,25/12/2025,2
5.89,218.15,27,Quận 5,1,2,1,3,3,0,25/12/2025,2
5.88,280,21,Quận 5,12,2,1,3,3,0,25/12/2025,2
44,309.86,142,Quận 5,8,4,1,20,3,0,25/12/2025,4
39,325,120,Quận 5,8,4,1,10,7,0,25/12/2025,4
6.5,162.5,40,Quận 5,2,4,0,3,1,1,25/12/2025,4
40,266.67,150,Quận 5,12,4,1,2,2,0,25/12/2025,4
115,145.57,790,Quận 5,12,4,1,15,10,0,25/12/2025,4
29,491.53,59,Quận 5,11,4,1,4.4,5.5,0,25/12/2025,4
4.2,66.46,63.2,Quận 5,12,4,0,4,3.5,1,25/12/2025,4
3.25,51.59,63,Quận 5,12,4,0,4.2,3.5,1,25/12/2025,4
10.5,408.56,25.7,Quận 5,2,2,1,3.2,2,0,25/12/2025,2
3.8,48.53,78.3,Quận 5,13,5,1,4.8,3.5,0,25/12/2025,5
3.8,49.67,76.5,Quận 5,13,4,0,5.1,3.5,1,24/12/2025,4
19.6,337.93,58,Quận 5,14,3,1,4.1,7,0,24/12/2025,4
3.49,45.62,76.5,Quận 5,12,4,0,5,3.5,1,24/12/2025,4
129,230.36,560,Quận 5,7,4,1,12,3,0,24/12/2025,4
38,380,100,Quận 5,8,4,1,5,2,0,24/12/2025,4
4.2,55.26,76,Quận 5,2,4,1,6,3,0,24/12/2025,4
20,250,80,Quận 5,12,4,1,4,4,0,24/12/2025,4
120,171.43,700,Quận 5,12,4,1,15,10,0,24/12/2025,4
90,180,500,Quận 5,12,4,1,17,7,0,24/12/2025,4
52,500,104,Quận 5,2,4,1,5.1,5,0,24/12/2025,4
7.99,199.75,40,Quận 5,12,4,0,3.6,3,1,24/12/2025,4
3.3,45.83,72,Quận 5,5,5,0,8,1,1,24/12/2025,5
49,532.61,92,Quận 5,3,2,1,4.2,6,0,24/12/2025,2
35.5,295.83,120,Quận 5,3,4,1,6.4,8,0,24/12/2025,4
13.2,200,66,Quận 5,12,4,1,4,1,0,24/12/2025,4
18,214.29,84,Quận 5,4,4,1,4,3.5,0,24/12/2025,4
3.5,54.1,64.7,Quận 5,9,4,1,5.1,2,0,24/12/2025,4
300,909.09,330,Quận 5,12,4,1,10,10,0,24/12/2025,4
17.5,243.06,72,Quận 5,11,4,1,4,4,0,24/12/2025,4
7.95,124.22,64,Quận 5,2,4,0,4,2,1,24/12/2025,4
3.3,45.71,72.2,Quận 5,5,5,0,8,1,1,24/12/2025,5
3.49,57.12,61.1,Quận 5,4,3,0,4.7,3.5,1,24/12/2025,3
18.6,547.06,34,Quận 5,3,4,1,3.4,4,0,24/12/2025,4
9.9,247.5,40,Quận 5,12,4,1,3.5,4.5,0,24/12/2025,4
5.7,271.43,21,Quận 5,1,4,0,2.75,3.5,1,24/12/2025,4
5.52,80,69,Quận 5,12,3,1,5,3,0,24/12/2025,3
9.3,140.91,66,Quận 5,4,4,1,5.1,3.5,0,24/12/2025,4
16.5,270.49,61,Quận 5,12,4,1,3.9,4,0,24/12/2025,4
6,150,40,Quận 5,2,4,0,3.4,4,1,24/12/2025,4
34.5,431.25,80,Quận 5,3,4,1,4,6,0,24/12/2025,4
35,327.1,107,Quận 5,3,4,0,6,6,1,24/12/2025,4
35,350,100,Quận 5,8,4,1,5.8,3,0,24/12/2025,4
6.8,98.55,69,Quận 5,12,3,1,10,2,0,24/12/2025,3
3.55,63.39,56,Quận 5,11,4,0,4,5,1,24/12/2025,4
10.5,175,60,Quận 5,12,3,1,3.8,3,0,24/12/2025,3
35,318.18,110,Quận 5,3,4,0,7,6,1,24/12/2025,4
6.5,67.88,95.76,Quận 5,5,4,0,4,2.5,1,24/12/2025,4
16,266.67,60,Quận 5,12,4,1,4,5,0,24/12/2025,4
4.6,57.5,80,Quận 5,12,4,0,5.2,3.5,1,24/12/2025,4
30,340.91,88,Quận 5,1,4,1,4.3,5,0,24/12/2025,4
40,250,160,Quận 5,11,4,1,8,4,0,24/12/2025,4
90,445.54,202,Quận 5,3,4,1,9.5,4,0,23/12/2025,4
13.95,253.64,55,Quận 5,1,4,1,6.5,4.5,0,23/12/2025,4
3.12,49.92,62.5,Quận 5,14,4,0,4,3,1,23/12/2025,4
32,363.64,88,Quận 5,5,5,1,4,5,0,23/12/2025,4
8.9,261.76,34,Quận 5,5,4,1,3,6,0,23/12/2025,4
6.5,232.14,28,Quận 5,2,4,0,3.2,5,1,23/12/2025,4
3.75,46.3,81,Quận 5,1,3,0,4.6,4,1,23/12/2025,3
16.1,130.89,123,Quận 5,10,3,1,4.3,1,0,23/12/2025,4
4.07,52.99,76.8,Quận 5,1,4,0,4.8,3,1,23/12/2025,4
26,342.11,76,Quận 5,2,4,1,4,4,0,23/12/2025,4
8.1,168.75,48,Quận 5,1,3,1,3,3,0,23/12/2025,3
2.68,32.29,83,Quận 5,14,5,1,4,1,0,23/12/2025,5
35,327.1,107,Quận 5,3,4,1,6.4,6,0,23/12/2025,4
35.5,332.09,106.9,Quận 5,3,4,0,6.4,9,1,23/12/2025,4
9.3,140.91,66,Quận 5,4,5,1,5.1,3.5,0,23/12/2025,5
3.5,46.67,75,Quận 5,9,4,0,5.2,4.5,1,23/12/2025,4
75,277.78,270,Quận 5,9,4,1,6,5,0,23/12/2025,4
37.95,354.67,107,Quận 5,3,4,1,6.4,6,0,23/12/2025,4
8.1,191.04,42.4,Quận 5,12,3,1,3,3,0,23/12/2025,3
36,336.45,107,Quận 5,3,4,0,6,6,1,23/12/2025,4
5.98,241.13,24.8,Quận 5,1,5,0,3.5,4,1,23/12/2025,3
35,258.76,135.26,Quận 5,13,4,1,8,1,0,23/12/2025,4
16,228.57,70,Quận 5,8,4,0,8,4,1,23/12/2025,4
19,223.53,85,Quận 5,10,4,1,4,1,0,23/12/2025,4
35.5,332.09,106.9,Quận 5,3,4,0,6.4,9,1,23/12/2025,4
80,500,160,Quận 5,7,4,1,8,9,0,23/12/2025,4
130,250,520,Quận 5,12,4,1,17,10,0,23/12/2025,4
3.99,55.42,72,Quận 5,4,5,0,4,3,1,22/12/2025,4
5.89,128.04,46,Quận 5,5,2,1,4,2,0,22/12/2025,2
11.75,189.52,62,Quận 5,5,5,0,3.9,3.5,1,22/12/2025,4
15.3,218.57,70,Quận 5,12,5,1,4,3.5,0,22/12/2025,4
4.99,207.92,24,Quận 5,2,4,0,3,3.5,1,22/12/2025,4
4.99,201.13,24.81,Quận 5,2,4,0,3,4,1,22/12/2025,4
41,410,100,Quận 5,12,4,1,6,6,0,22/12/2025,4
5.19,83.71,62,Quận 5,12,4,1,4,3,0,22/12/2025,4
3.29,56.72,58,Quận 5,13,3,0,5,3,1,22/12/2025,3
24,228.57,105,Quận 5,12,2,1,5,1,0,22/12/2025,2
16.8,202.41,83,Quận 5,4,4,0,4.7,4,1,22/12/2025,4
299,424.11,705,Quận 5,12,4,1,26,1,0,22/12/2025,4
8.9,102.3,87,Quận 5,10,1,1,4,1,0,22/12/2025,1
38,355.81,106.8,Quận 5,1,4,1,6.4,6,0,22/12/2025,4
7.81,106.84,73.1,Quận 5,5,4,1,4.3,3,0,22/12/2025,4
5.29,63.13,83.8,Quận 5,2,4,1,5,2,0,22/12/2025,4
45.8,408.93,112,Quận 5,4,4,1,5,6,0,22/12/2025,4
5.78,240.83,24,Quận 5,1,3,1,3,3,0,22/12/2025,3
18.6,166.07,112,Quận 5,2,4,0,5.6,3,1,22/12/2025,3
8.5,151.79,56,Quận 5,2,4,1,4,3,0,22/12/2025,4
6.98,279.2,25,Quận 5,2,4,0,30,4.5,1,22/12/2025,4
5.8,214.81,27,Quận 5,2,5,1,3,4,0,22/12/2025,5
9.8,38.25,256.2,Quận 6,4,5,1,6,1,0,5/1/2026,5
5.5,110,50,Quận 6,12,4,0,6,3.5,1,5/1/2026,4
19.5,121.88,160,Quận 6,8,4,1,4.1,3,0,5/1/2026,4
300,250000,1.2,Quận 6,10,14,1,20,6,0,5/1/2026,14
3.29,54.83,60,Quận 6,14,4,1,4,3.5,0,4/1/2026,4
4.19,104.75,40,Quận 6,11,4,1,5,1,0,4/1/2026,4
6,59.52,100.8,Quận 6,3,3,1,5,3,0,31/12/2025,3
16.9,804.76,21,Quận 6,2,3,1,3,5.5,0,29/12/2025,3
3.19,81.79,39,Quận 6,2,4,1,3.9,2,0,29/12/2025,4
7.25,145.88,49.7,Quận 6,3,5,1,3.5,3.5,0,29/12/2025,5
6.18,104.04,59.4,Quận 6,14,4,0,5,5,1,26/12/2025,5
6,150,40,Quận 6,9,4,1,4,3,0,25/12/2025,4
6.5,116.07,56,Quận 6,3,5,1,3.5,3.5,0,24/12/2025,5
3,125,24,Quận 6,3,4,1,4,3,0,23/12/2025,4
7.5,147.06,51,Quận 6,6,4,1,3.4,3,0,22/12/2025,4
1.75,72.92,24,Quận 6,9,4,0,2,1.5,1,22/12/2025,4
6,155.84,38.5,Quận 6,6,3,1,3.5,3,0,19/12/2025,4
6,115.38,52,Quận 6,7,4,1,5,4,0,18/12/2025,4
7.2,128.57,56,Quận 6,5,6,1,4,4,0,16/12/2025,6
5.5,137.5,40,Quận 6,8,4,1,6,5,0,15/12/2025,4
5.5,161.76,34,Quận 6,1,5,0,4,4,1,12/12/2025,5
8.4,105,80,Quận 6,14,4,1,4,4.5,0,12/12/2025,4
1.25,14.74,84.8,Quận 6,5,4,1,5.3,1,0,12/12/2025,4
9.1,119.74,76,Quận 6,4,4,1,4,1,0,10/12/2025,4
7,262.57,26.66,Quận 6,1,2,1,3.1,2.5,0,10/12/2025,2
12.3,108.27,113.6,Quận 6,6,3,1,6,2,0,18/10/2025,3
6.8,119.3,57,Quận 6,14,5,0,3.9,5,1,5/1/2026,5
9.3,106.9,87,Quận 6,10,4,0,5,4,1,5/1/2026,4
8.3,127.69,65,Quận 6,1,5,1,4.5,1,0,5/1/2026,4
3.78,50,75.6,Quận 6,2,3,0,5,3.5,1,5/1/2026,3
15,234.38,64,Quận 6,11,5,1,5.35,4,0,5/1/2026,5
10,166.67,60,Quận 6,10,4,1,4.3,2,0,5/1/2026,4
5.22,61.92,84.3,Quận 6,1,4,1,5.3,3.5,0,5/1/2026,4
9.3,108.14,86,Quận 6,10,4,1,4.5,4,0,4/1/2026,4
9.3,108.14,86,Quận 6,10,4,1,4.4,4,0,4/1/2026,4
7.1,116.39,61,Quận 6,2,3,0,3.7,3,1,4/1/2026,3
2,100,20,Quận 6,13,2,1,2.8,2,0,4/1/2026,2
7.99,153.65,52,Quận 6,12,4,0,13.5,4,1,4/1/2026,4
3.5,134.62,26,Quận 6,14,4,1,5.2,3,0,4/1/2026,4
12.7,158.75,80,Quận 6,11,4,1,4,5,0,4/1/2026,4
4.87,78.04,62.4,Quận 6,1,4,1,4.8,3.5,0,4/1/2026,4
9.2,161.4,57,Quận 6,12,4,1,4.5,4,0,4/1/2026,4
80,216.22,370,Quận 6,11,4,1,12,4.5,0,4/1/2026,4
12.6,157.5,80,Quận 6,10,4,1,1,5,0,4/1/2026,4
7.3,69.52,105,Quận 6,8,4,1,7,1,0,4/1/2026,4
7.29,70.1,104,Quận 6,8,4,1,7,1,0,4/1/2026,4
15,234.38,64,Quận 6,10,4,1,5.35,4,0,4/1/2026,4
7,179.49,39,Quận 6,7,3,0,3.5,3.5,1,4/1/2026,4
9.9,123.75,80,Quận 6,12,4,1,3,3.5,0,4/1/2026,4
9.1,128.17,71,Quận 6,4,2,1,4,1,0,4/1/2026,2
9.3,103.33,90,Quận 6,4,4,1,4.5,4,0,4/1/2026,4
4,100,40,Quận 6,8,4,0,4,3,1,4/1/2026,4
9.8,144.12,68,Quận 6,13,4,1,10,5,0,4/1/2026,4
2.75,125,22,Quận 6,12,2,0,2.4,2,1,4/1/2026,4
17,77.8,218.5,Quận 6,13,4,1,8,3,0,4/1/2026,4
11.5,143.75,80,Quận 6,13,4,1,13,4,0,4/1/2026,4
42,196.26,214,Quận 6,10,4,1,8,4,0,4/1/2026,4
5.11,75.7,67.5,Quận 6,8,4,0,4.5,4,1,4/1/2026,4
5.9,131.11,45,Quận 6,1,2,1,3.2,2,0,4/1/2026,2
9.3,108.14,86,Quận 6,10,4,1,4.5,4,0,4/1/2026,4
3.68,184,20,Quận 6,3,2,1,4.85,3,0,3/1/2026,2
9.3,108.14,86,Quận 6,10,4,1,4.5,4,0,3/1/2026,4
9,100,90,Quận 6,12,4,1,4.5,4,0,3/1/2026,5
7.5,100,75,Quận 6,7,3,1,5,2,0,3/1/2026,3
7.99,153.65,52,Quận 6,4,4,0,6,4,1,3/1/2026,4
6.4,83.12,77,Quận 6,12,3,0,4,2,1,3/1/2026,3
2.65,115.22,23,Quận 6,13,2,0,4.5,2,1,3/1/2026,2
26.5,220.83,120,Quận 6,11,4,1,7.5,4,0,3/1/2026,4
2.67,30.34,88,Quận 6,2,4,1,6,3,0,3/1/2026,4
42,189.19,222,Quận 6,4,4,1,16,4.5,0,3/1/2026,4
9.3,104.49,89,Quận 6,6,4,1,4.5,3.5,0,3/1/2026,4
8.5,177.08,48,Quận 6,10,4,1,16,3.5,0,3/1/2026,4
5.6,127.27,44,Quận 6,13,4,0,4,2,1,3/1/2026,4
5.8,82.39,70.4,Quận 6,4,4,0,4.4,1,1,3/1/2026,4
9.7,83.62,116,Quận 6,11,4,0,6,1,1,3/1/2026,4
6.9,89.61,77,Quận 6,10,4,0,4,3.5,1,3/1/2026,4
4.6,153.33,30,Quận 6,2,4,1,39,2,0,3/1/2026,4
4.6,86.79,53,Quận 6,11,53,1,6,2.5,0,3/1/2026,53
79,309.8,255,Quận 6,12,4,1,16,6,0,3/1/2026,4
6.7,139.58,48,Quận 6,10,2,1,4,4,0,3/1/2026,2
2.59,150.58,17.2,Quận 6,1,3,1,2.76,3,0,3/1/2026,3
12.8,160,80,Quận 6,2,4,1,4,5,0,2/1/2026,4
6.5,84.42,77,Quận 6,12,4,1,4.5,2,0,2/1/2026,4
6.8,119.3,57,Quận 6,14,5,1,3.8,5,0,2/1/2026,5
10.7,167.19,64,Quận 6,4,4,1,4,4.5,0,2/1/2026,4
9.1,126.39,72,Quận 6,12,2,1,4,1,0,2/1/2026,2
13.5,187.5,72,Quận 6,10,4,1,4,3,0,2/1/2026,4
2.1,36.21,58,Quận 6,11,4,0,4,1,1,2/1/2026,4
13,130,100,Quận 6,6,4,1,4.5,4,0,2/1/2026,4
14.9,186.25,80,Quận 6,10,4,1,4,4,0,2/1/2026,4
12.7,158.75,80,Quận 6,11,14,1,14,3.5,0,2/1/2026,14
13.4,167.5,80,Quận 6,10,4,1,4,3.5,0,2/1/2026,4
7.45,100.68,74,Quận 6,3,2,1,5.2,2,0,2/1/2026,2
9.2,158.62,58,Quận 6,12,4,1,4.5,4,0,2/1/2026,4
18.7,155.83,120,Quận 6,11,4,1,4.4,3.5,0,2/1/2026,4
3.8,52.78,72,Quận 6,6,3,1,4.5,3,0,2/1/2026,3
23,247.31,93,Quận 6,4,4,1,6,4,0,2/1/2026,4
9.5,148.44,64,Quận 6,4,5,1,12,5,0,2/1/2026,4
4.48,106.67,42,Quận 6,9,4,1,4,4,0,2/1/2026,4
12,150,80,Quận 6,11,4,1,4,5,0,2/1/2026,4
13.4,167.5,80,Quận 6,4,4,1,20,4,0,2/1/2026,4
3.15,43.57,72.3,Quận 6,6,4,0,5,3.5,1,2/1/2026,4
4.11,60.09,68.4,Quận 6,9,6,0,3.8,3,1,2/1/2026,6
9.1,119.74,76,Quận 6,12,5,1,4,5,0,2/1/2026,5
14.3,188.16,76,Quận 6,10,4,1,30,5.5,0,2/1/2026,4
5.88,105,56,Quận 6,14,6,1,4,2,0,2/1/2026,3
7.25,145,50,Quận 6,8,4,0,3.7,3.5,1,2/1/2026,4
9.15,160.53,57,Quận 6,12,4,1,4,4,0,1/1/2026,4
35,175,200,Quận 6,10,4,1,8,1,0,1/1/2026,4
3.65,44.19,82.6,Quận 6,9,4,0,5.2,3,1,1/1/2026,4
4.38,54.07,81,Quận 6,14,4,0,4.5,5,1,1/1/2026,4
10.9,213.73,51,Quận 6,12,4,1,4,4,0,1/1/2026,4
23,179.69,128,Quận 6,10,4,1,8,3,0,1/1/2026,4
22.5,346.15,65,Quận 6,6,4,1,4.1,4,0,1/1/2026,4
4.62,64.17,72,Quận 6,10,4,1,4.5,6,0,1/1/2026,4
27,200,135,Quận 6,13,4,1,8,3,0,1/1/2026,4
15,187.5,80,Quận 6,11,3,1,4,3,0,1/1/2026,3
17,171.72,99,Quận 6,8,4,1,4,5.5,0,1/1/2026,4
12.9,110.26,117,Quận 6,13,4,1,6.5,3.5,0,1/1/2026,4
49,281.12,174.3,Quận 6,1,4,1,8.3,4,0,1/1/2026,4
6.48,122.26,53,Quận 6,3,5,1,3.2,3.5,0,1/1/2026,5
20,242.42,82.5,Quận 6,12,4,1,5.5,4.5,0,1/1/2026,4
20,242.42,82.5,Quận 6,11,4,1,5.5,4.5,0,1/1/2026,4
1.95,55.87,34.9,Quận 6,6,2,0,3,2,1,1/1/2026,2
6.7,109.84,61,Quận 6,13,3,0,4.3,2,1,1/1/2026,3
5.25,109.38,48,Quận 6,6,3,1,4,3,0,1/1/2026,3
1.2,11.11,108,Quận 6,10,4,1,6,3,0,31/12/2025,4
7.3,63.48,115,Quận 6,9,4,0,4.5,2,1,31/12/2025,4
6.2,158.97,39,Quận 6,5,4,0,3.5,4.5,1,31/12/2025,4
14.55,116.4,125,Quận 6,9,3,1,4,2,0,31/12/2025,3
2.39,34.64,69,Quận 6,3,3,1,4.3,4.5,0,31/12/2025,3
7,116.67,60,Quận 6,10,4,1,4,4.5,0,31/12/2025,4
3.19,44.31,72,Quận 6,12,3,1,5.2,3.5,0,31/12/2025,3
12,157.89,76,Quận 6,11,4,1,14,3.5,0,31/12/2025,4
6.1,76.25,80,Quận 6,13,4,0,4,6,1,31/12/2025,4
4.48,112,40,Quận 6,12,6,0,4,3,1,31/12/2025,4
3.25,36.11,90,Quận 6,10,5,1,6,3,0,31/12/2025,5
8.9,127.14,70,Quận 6,13,7,1,6,5,0,31/12/2025,7
14.95,186.88,80,Quận 6,11,4,1,15,3.5,0,31/12/2025,4
9.5,113.1,84,Quận 6,14,4,0,10,2,1,31/12/2025,4
9.85,153.91,64,Quận 6,10,64,0,4,5,1,31/12/2025,5
8,61.54,130,Quận 6,11,8,1,5.8,2,0,31/12/2025,8
6.05,100.83,60,Quận 6,5,4,0,4.5,2,1,31/12/2025,4
5.7,71.25,80,Quận 6,12,4,1,5.4,2,0,31/12/2025,4
3.25,112.07,29,Quận 6,12,2,1,3.4,2,0,31/12/2025,2
6.5,132.65,49,Quận 6,7,4,0,4,3.5,1,31/12/2025,4
5.9,105.36,56,Quận 6,14,3,1,4,2,0,31/12/2025,3
10.5,187.5,56,Quận 6,11,5,1,4,4,0,30/12/2025,5
13.5,143.62,94,Quận 6,7,4,1,12,4,0,30/12/2025,4
22.4,144.52,155,Quận 6,1,4,1,4.2,3.5,0,30/12/2025,4
5.9,105.36,56,Quận 6,10,4,1,4,1,0,30/12/2025,4
10.5,152.17,69,Quận 6,10,4,1,15,5,0,30/12/2025,4
16,177.78,90,Quận 6,10,4,1,4.5,4,0,30/12/2025,4
2.5,108.7,23,Quận 6,12,6,1,3,2,0,30/12/2025,6
20,102.3,195.5,Quận 6,11,4,1,12,1,0,30/12/2025,4
6.05,94.53,64,Quận 6,5,4,0,4.5,2,1,30/12/2025,4
11,141.03,78,Quận 6,11,4,1,4,4,0,30/12/2025,4
12.8,160,80,Quận 6,11,4,1,4,5,0,30/12/2025,4
27,192.86,140,Quận 6,11,4,1,9,5,0,30/12/2025,4
10.8,100,108,Quận 6,13,7,1,7.5,3.5,0,30/12/2025,4
13,185.71,70,Quận 6,4,4,1,5,5,0,30/12/2025,4
27,192.86,140,Quận 6,11,4,1,9,5,0,30/12/2025,4
18,160.71,112,Quận 6,10,4,1,8,2,0,30/12/2025,4
8.2,170.83,48,Quận 6,10,8,1,4,3.5,0,30/12/2025,8
3.1,38.75,80,Quận 6,9,4,0,5,3,1,30/12/2025,4
5.75,63.19,91,Quận 6,12,2,0,5.4,2,1,30/12/2025,2
5.4,131.71,41,Quận 6,7,45,1,5,2,0,30/12/2025,45
8.9,148.33,60,Quận 6,10,3,1,4,2.5,0,30/12/2025,3
5.75,71.88,80,Quận 6,12,2,0,5,2,1,30/12/2025,2
8.9,87.25,102,Quận 6,13,4,1,4,1,0,30/12/2025,4
5.9,92.19,64,Quận 6,14,3,1,4,2,0,30/12/2025,3
6.8,103.03,66,Quận 6,14,4,0,4.3,2.5,1,30/12/2025,4
9.6,200,48,Quận 6,13,4,1,11,3,0,30/12/2025,4
5.9,105.36,56,Quận 6,14,3,1,4,2,0,30/12/2025,3
5.59,139.75,40,Quận 6,6,5,0,2,2.5,1,30/12/2025,3
4.6,143.75,32,Quận 6,5,2,1,4,2,0,29/12/2025,2
5.9,105.36,56,Quận 6,14,3,1,4,2,0,29/12/2025,4
5.69,71.12,80,Quận 6,12,4,0,5.5,3,1,29/12/2025,4
10.5,143.44,73.2,Quận 6,12,5,1,4,4,0,29/12/2025,4
9,152.54,59,Quận 6,12,4,1,4,3.5,0,29/12/2025,4
2.5,80.65,31,Quận 6,14,4,0,3,3.5,1,29/12/2025,4
22.9,352.31,65,Quận 6,6,4,1,5,5,0,29/12/2025,4
5.75,82.14,70,Quận 6,8,2,1,3,2,0,29/12/2025,2
5.9,105.36,56,Quận 6,13,3,0,4,2,1,29/12/2025,3
5.9,122.92,48,Quận 6,14,4,1,6,1,0,29/12/2025,4
12,142.86,84,Quận 6,10,4,1,4.2,5,0,29/12/2025,4
5.8,85.29,68,Quận 6,4,3,1,4,1,0,29/12/2025,4
5.5,157.14,35,Quận 6,2,3,0,3.5,4,1,29/12/2025,3
10,178.57,56,Quận 6,11,5,1,4,6,0,29/12/2025,5
17,140.5,121,Quận 6,12,4,1,4,3,0,29/12/2025,4
4.78,78.1,61.2,Quận 6,9,6,1,3.6,5,0,29/12/2025,3
7.25,145,50,Quận 6,10,5,0,3.5,3.5,1,29/12/2025,5
5.7,70.2,81.2,Quận 6,12,2,0,2,2,1,29/12/2025,2
23.5,391.67,60,Quận 6,2,4,1,4,6,0,29/12/2025,4
12.9,153.57,84,Quận 6,13,4,1,4,4,0,29/12/2025,4
9,150,60,Quận 6,10,60,1,4,2.5,0,29/12/2025,60
17.9,458.97,39,Quận 6,2,5,1,3.3,3,0,29/12/2025,5
2.5,80.65,31,Quận 6,14,4,0,3,3.5,1,29/12/2025,4
3.57,108.18,33,Quận 6,11,4,1,3.3,3,0,29/12/2025,4
10,192.31,52,Quận 6,12,4,1,4,5,0,29/12/2025,5
11,93.22,118,Quận 6,10,4,1,6,4,0,29/12/2025,4
16,275.86,58,Quận 6,8,4,1,3.7,4,0,29/12/2025,4
7.3,69.52,105,Quận 6,8,3,1,6.6,2,0,28/12/2025,3
3.39,47.08,72,Quận 6,5,3,1,4,4,0,28/12/2025,3
8.6,204.76,42,Quận 6,10,8,1,3.5,4.5,0,28/12/2025,4
5.8,152.63,38,Quận 6,9,5,0,3.4,3.5,1,28/12/2025,5
15.9,176.67,90,Quận 6,10,4,1,4.5,3.5,0,28/12/2025,5
5.2,173.33,30,Quận 6,6,3,1,5,3,0,28/12/2025,3
6.85,133.27,51.4,Quận 6,11,2,1,3.5,2,0,28/12/2025,2
6.69,167.25,40,Quận 6,5,5,0,4,4,1,28/12/2025,5
2.37,37.62,63,Quận 6,7,3,1,5,2.5,0,28/12/2025,3
30,163.04,184,Quận 6,10,4,1,8,1,0,28/12/2025,4
6,100,60,Quận 6,12,4,0,4,1,1,28/12/2025,4
10.5,141.89,74,Quận 6,10,4,1,15,3.5,0,28/12/2025,4
5.98,131.43,45.5,Quận 6,3,4,1,3.9,4,0,28/12/2025,4
8.9,130.88,68,Quận 6,10,4,1,2.3,5,0,28/12/2025,4
8.95,117.76,76,Quận 6,4,2,1,4,1,0,28/12/2025,2
9.2,200,46,Quận 6,2,5,1,10,4,0,28/12/2025,5
11.5,143.75,80,Quận 6,10,4,1,12,4,0,28/12/2025,4
9.2,112.75,81.6,Quận 6,1,4,0,4,3.5,1,28/12/2025,4
5.9,196.67,30,Quận 6,5,4,0,3,3.5,1,28/12/2025,4
26.8,291.3,92,Quận 6,12,4,1,5,2,0,28/12/2025,4
15.99,177.67,90,Quận 6,10,4,1,4.5,5,0,28/12/2025,4
5.9,122.92,48,Quận 6,8,4,1,3,3,0,28/12/2025,4
4,100,40,Quận 6,8,4,1,4,3,0,28/12/2025,4
5.6,127.27,44,Quận 6,13,4,1,4,2,0,28/12/2025,4
10.9,209.62,52,Quận 6,12,3,1,4,4,0,28/12/2025,3
7.3,69.52,105,Quận 6,8,4,0,6.6,2,1,28/12/2025,4
2.39,36.77,65,Quận 6,9,4,0,5,2,1,28/12/2025,4
5.4,131.71,41,Quận 6,11,5,1,4,1,0,28/12/2025,5
6.28,161.03,39,Quận 6,4,4,0,3,4,1,28/12/2025,4
4.2,190.91,22,Quận 6,4,2,0,4.1,2,1,28/12/2025,2
15,187.5,80,Quận 6,10,4,1,1,3,0,28/12/2025,4
7.3,69.52,105,Quận 6,8,3,1,7,2,0,27/12/2025,3
5.15,125.61,41,Quận 6,7,2,0,4.1,3.5,1,27/12/2025,2
5,121.95,41,Quận 6,3,4,1,4.1,3.5,0,27/12/2025,4
7.25,69.71,104,Quận 6,8,6,1,6.6,2,0,27/12/2025,3
6.5,132.65,49,Quận 6,1,4,0,4,3.5,1,27/12/2025,4
6.5,108.33,60,Quận 6,14,60,1,6,4,0,27/12/2025,4
3.6,134.33,26.8,Quận 6,11,4,1,3.2,3,0,27/12/2025,4
4.4,146.67,30,Quận 6,14,2,1,3,2,0,27/12/2025,2
15,208.33,72,Quận 6,4,5,1,2,5,0,27/12/2025,5
40,129.03,310,Quận 6,10,4,1,9,3.5,0,27/12/2025,4
4.78,78.36,61,Quận 6,9,3,1,3.6,3,0,27/12/2025,3
1.68,168,10,Quận 6,11,3,0,2.3,3,1,27/12/2025,4
10.5,141.89,74,Quận 6,4,4,1,4,3.5,0,27/12/2025,4
7.9,76.7,103,Quận 6,13,3,0,4,2,1,27/12/2025,3
5.45,181.67,30,Quận 6,6,3,0,20,4,1,27/12/2025,3
5.11,76.84,66.5,Quận 6,13,4,0,5,3.5,1,27/12/2025,4
5.75,191.67,30,Quận 6,10,4,0,3,4,1,27/12/2025,4
2.25,33.48,67.2,Quận 6,11,4,0,4,3,1,27/12/2025,4
19.5,177.27,110,Quận 6,10,4,1,4.4,4,0,27/12/2025,4
6.28,163.12,38.5,Quận 6,5,4,0,3.5,3.5,1,27/12/2025,4
4.43,70.99,62.4,Quận 6,8,4,0,8,3,1,27/12/2025,4
2.05,23.56,87,Quận 6,7,4,0,6,3,1,27/12/2025,4
14,49.65,282,Quận 6,13,4,0,6.9,1,1,27/12/2025,4
13.6,170,80,Quận 6,10,4,1,4,3.5,0,27/12/2025,4
16.5,183.33,90,Quận 6,10,4,1,4.5,5,0,27/12/2025,4
6.3,118.87,53,Quận 6,1,4,1,3.2,3.5,0,27/12/2025,5
13.9,133.65,104,Quận 6,11,5,1,16,5.5,0,27/12/2025,4
5.7,83.82,68,Quận 6,10,2,1,4,2,0,27/12/2025,2
12,90.91,132,Quận 6,11,4,1,4.3,1,0,27/12/2025,4
38,226.19,168,Quận 6,4,4,1,6,7,0,27/12/2025,4
8.99,149.83,60,Quận 6,10,4,1,4,4,0,27/12/2025,4
5.45,181.67,30,Quận 6,6,2,0,20,4,1,27/12/2025,2
6.35,127,50,Quận 6,3,4,0,5.5,3.5,1,26/12/2025,4
12.2,169.44,72,Quận 6,11,5,1,4,4,0,26/12/2025,5
18.2,82.73,220,Quận 6,11,4,1,10,1,0,26/12/2025,4
13.45,129.33,104,Quận 6,11,4,1,4,6,0,26/12/2025,4
4.78,74.8,63.9,Quận 6,9,3,1,1,2.5,0,26/12/2025,3
40,129.03,310,Quận 6,10,4,1,9.2,1,0,26/12/2025,4
8.5,106.25,80,Quận 6,14,4,1,4,3,0,26/12/2025,4
10.9,147.3,74,Quận 6,3,4,1,4.5,2,0,26/12/2025,4
3.45,42.07,82,Quận 6,6,6,1,5,3,0,26/12/2025,4
6.3,150,42,Quận 6,11,4,1,3.4,4,0,26/12/2025,4
17,157.41,108,Quận 6,10,4,1,30,6,0,26/12/2025,4
18.8,191.84,98,Quận 6,7,4,1,4.5,4,0,26/12/2025,4
9.8,148.48,66,Quận 6,5,4,1,10,5,0,26/12/2025,4
17.5,273.44,64,Quận 6,10,5,1,4,4,0,26/12/2025,5
18.5,221.03,83.7,Quận 6,10,4,1,5.3,5.5,0,26/12/2025,4
8.7,101.16,86,Quận 6,5,5,1,2.4,4,0,26/12/2025,5
8.24,105.64,78,Quận 6,12,5,1,4,5,0,26/12/2025,5
4.75,74.22,64,Quận 6,9,1,0,3.6,2.5,1,26/12/2025,3
13.5,129.81,104,Quận 6,11,6,1,4,6,0,26/12/2025,4
4.78,79.67,60,Quận 6,6,3,1,4,2.5,0,26/12/2025,3
9.65,137.86,70,Quận 6,10,4,1,4,3,0,26/12/2025,4
8.9,89,100,Quận 6,5,4,0,4,4.5,1,26/12/2025,4
8.99,123.15,73,Quận 6,10,4,1,2.3,3,0,26/12/2025,4
5.98,130,46,Quận 6,3,3,1,4,4,0,26/12/2025,4
21,233.33,90,Quận 6,1,4,1,4,5,0,26/12/2025,4
5.4,135,40,Quận 6,8,4,0,4,4,1,26/12/2025,4
4.4,129.41,34,Quận 6,5,3,0,3.4,2,1,26/12/2025,4
22,366.67,60,Quận 6,9,4,1,4,5,0,26/12/2025,4
6.28,179.43,35,Quận 6,5,6,1,3,5,0,26/12/2025,6
4.78,74.8,63.9,Quận 6,9,3,1,1,2.5,0,26/12/2025,3
17.9,162.73,110,Quận 6,10,4,1,4,8,0,26/12/2025,4
8.3,94.32,88,Quận 6,14,4,0,4,4,1,26/12/2025,4
3.75,150,25,Quận 6,14,2,1,6,2,0,25/12/2025,2
5.98,115,52,Quận 6,3,6,1,3,3,0,25/12/2025,4
28,218.75,128,Quận 6,10,4,1,8,4.5,0,25/12/2025,4
9.8,148.48,66,Quận 6,10,4,1,10,1,0,25/12/2025,4
7.3,91.25,80,Quận 6,8,3,1,7,2,0,25/12/2025,3
8.5,125,68,Quận 6,4,4,1,4,4,0,25/12/2025,4
5,104.17,48,Quận 6,13,5,0,2,2,1,25/12/2025,5
4.65,202.17,23,Quận 6,13,3,0,3.5,3,1,25/12/2025,3
3.25,180.56,18,Quận 6,5,2,0,3,2,1,25/12/2025,2
12.5,173.61,72,Quận 6,12,4,1,4,1,0,25/12/2025,4
9.85,153.91,64,Quận 6,11,5,1,4,5,0,25/12/2025,5
9.4,164.91,57,Quận 6,14,4,1,4.5,4,0,25/12/2025,4
5.9,133.36,44.24,Quận 6,1,2,1,3.2,2,0,25/12/2025,2
27,192.86,140,Quận 6,13,4,1,9,3,0,25/12/2025,4
5.9,122.92,48,Quận 6,3,6,0,3,3,1,25/12/2025,4
13.2,83.54,158,Quận 6,13,4,1,5.4,8,0,25/12/2025,4
6.98,109.06,64,Quận 6,12,4,1,4.2,5,0,25/12/2025,4
12.99,111.03,117,Quận 6,13,6,1,6.5,3,0,25/12/2025,4
7.3,69.52,105,Quận 6,8,3,1,7,2,0,25/12/2025,4
4,93.02,43,Quận 6,2,3,1,3,2,0,25/12/2025,3
4.6,143.75,32,Quận 6,6,2,1,2.5,2,0,25/12/2025,2
6.5,132.65,49,Quận 6,7,4,0,4,3.5,1,25/12/2025,4
